flight_id,aircraft,flight_hours
FLIGHT_0001,N301VR,2.93
FLIGHT_0002,N610TX,4.47
FLIGHT_0003,N301VR,3.23
FLIGHT_0004,N579MH,4.15
FLIGHT_0005,N579MH,3.98
FLIGHT_0006,N99CT,2.84
FLIGHT_0007,N99CT,3.55
FLIGHT_0008,N604CH,2.74
FLIGHT_0009,N452M,4.02
FLIGHT_0010,N716TM,4.99
FLIGHT_0011,N523AR,5.17
FLIGHT_0012,N71HC,2.85
FLIGHT_0013,N301VR,3.08
FLIGHT_0014,N372MZ,3.95
FLIGHT_0015,N452M,3.45
FLIGHT_0016,N716TM,2.87
FLIGHT_0017,N610TX,3.4
FLIGHT_0018,N301VR,3.54
FLIGHT_0019,N604XT,5.12
FLIGHT_0020,N523AR,5.59
FLIGHT_0021,N523AR,4.42
FLIGHT_0022,N523AR,4.74
FLIGHT_0023,N716TM,5.04
FLIGHT_0024,N372MZ,2.4
FLIGHT_0025,N372MZ,3.09
FLIGHT_0026,N716TM,4.4
FLIGHT_0027,N452M,4.78
FLIGHT_0028,N716TM,4.79
FLIGHT_0029,N372MZ,3.97
FLIGHT_0030,N99CT,3.25
FLIGHT_0031,N99CT,3.63
FLIGHT_0032,N716TM,3.87
FLIGHT_0033,N579MH,3.24
FLIGHT_0034,N604XT,3.8
FLIGHT_0035,N71HC,4.13
FLIGHT_0036,N301VR,2.91
FLIGHT_0037,N71HC,3.16
FLIGHT_0038,N372MZ,4.07
FLIGHT_0039,N372MZ,3.18
FLIGHT_0040,N99CT,3.51
FLIGHT_0041,N301VR,3.51
FLIGHT_0042,N604CH,3.34
FLIGHT_0043,N301VR,3.23
FLIGHT_0044,N301VR,2.85
FLIGHT_0045,N301VR,4.16
FLIGHT_0046,N523AR,4.52
FLIGHT_0047,N523AR,3.53
FLIGHT_0048,N604XT,4.42
FLIGHT_0049,N716TM,4.45
FLIGHT_0050,N372MZ,2.28
FLIGHT_0051,N99CT,4.13
FLIGHT_0052,N452M,3.11
FLIGHT_0053,N579MH,5.13
FLIGHT_0054,N579MH,4.28
FLIGHT_0055,N99CT,2.74
FLIGHT_0056,N301VR,3.2
FLIGHT_0057,N523AR,5.02
FLIGHT_0058,N604XT,4.14
FLIGHT_0059,N301VR,4.05
FLIGHT_0060,N610TX,3.51
FLIGHT_0061,N610TX,3.7
FLIGHT_0062,N579MH,4.39
FLIGHT_0063,N610TX,4.15
FLIGHT_0064,N99CT,2.86
FLIGHT_0065,N301VR,3.63
FLIGHT_0066,N301VR,3.48
FLIGHT_0067,N579MH,3.16
FLIGHT_0068,N301VR,2.6
FLIGHT_0069,N610TX,2.49
FLIGHT_0070,N99CT,3.21
FLIGHT_0071,N716TM,4.28
FLIGHT_0072,N452M,4.09
FLIGHT_0073,N716TM,4.94
FLIGHT_0074,N716TM,4.01
FLIGHT_0075,N604XT,4.26
FLIGHT_0076,N716TM,3.75
FLIGHT_0077,N716TM,4.39
FLIGHT_0078,N716TM,5.04
FLIGHT_0079,N523AR,4.4
FLIGHT_0080,N610TX,4.52
FLIGHT_0081,N452M,4.39
FLIGHT_0082,N716TM,5.42
FLIGHT_0083,N71HC,3.46
FLIGHT_0084,N523AR,3.92
FLIGHT_0085,N610TX,4.16
FLIGHT_0086,N99CT,3.18
FLIGHT_0087,N71HC,3.71
FLIGHT_0088,N372MZ,3.33
FLIGHT_0089,N610TX,3.21
FLIGHT_0090,N99CT,4.07
FLIGHT_0091,N716TM,3.56
FLIGHT_0092,N716TM,5.09
FLIGHT_0093,N301VR,3.71
FLIGHT_0094,N579MH,3.82
FLIGHT_0095,N372MZ,2.52
FLIGHT_0096,N579MH,4.73
FLIGHT_0097,N301VR,2.86
FLIGHT_0098,N301VR,3.92
FLIGHT_0099,N99CT,3.0
FLIGHT_0100,N716TM,3.74
FLIGHT_0101,N604CH,4.2
FLIGHT_0102,N99CT,3.68
FLIGHT_0103,N301VR,2.73
FLIGHT_0104,N71HC,4.19
FLIGHT_0105,N523AR,4.17
FLIGHT_0106,N523AR,4.38
FLIGHT_0107,N452M,3.56
FLIGHT_0108,N301VR,2.76
FLIGHT_0109,N372MZ,4.24
FLIGHT_0110,N71HC,3.54
FLIGHT_0111,N716TM,3.72
FLIGHT_0112,N610TX,4.38
FLIGHT_0113,N716TM,4.36
FLIGHT_0114,N604XT,4.38
FLIGHT_0115,N716TM,5.66
FLIGHT_0116,N523AR,3.11
FLIGHT_0117,N604CH,2.7
FLIGHT_0118,N452M,2.84
FLIGHT_0119,N452M,3.99
FLIGHT_0120,N579MH,3.52
FLIGHT_0121,N716TM,4.11
FLIGHT_0122,N604XT,3.62
FLIGHT_0123,N372MZ,4.86
FLIGHT_0124,N301VR,4.51
FLIGHT_0125,N523AR,5.0
FLIGHT_0126,N452M,2.76
FLIGHT_0127,N523AR,3.95
FLIGHT_0128,N716TM,4.94
FLIGHT_0129,N452M,3.73
FLIGHT_0130,N99CT,3.89
FLIGHT_0131,N99CT,4.09
FLIGHT_0132,N372MZ,5.02
FLIGHT_0133,N71HC,3.02
FLIGHT_0134,N372MZ,3.81
FLIGHT_0135,N99CT,3.14
FLIGHT_0136,N716TM,2.82
FLIGHT_0137,N99CT,3.78
FLIGHT_0138,N610TX,4.12
FLIGHT_0139,N71HC,3.07
FLIGHT_0140,N71HC,2.48
FLIGHT_0141,N301VR,3.17
FLIGHT_0142,N99CT,3.8
FLIGHT_0143,N523AR,5.33
FLIGHT_0144,N301VR,2.98
FLIGHT_0145,N523AR,5.16
FLIGHT_0146,N523AR,4.79
FLIGHT_0147,N604CH,4.03
FLIGHT_0148,N604XT,3.35
FLIGHT_0149,N523AR,3.38
FLIGHT_0150,N716TM,3.7
FLIGHT_0151,N372MZ,3.54
FLIGHT_0152,N372MZ,4.94
FLIGHT_0153,N99CT,3.01
FLIGHT_0154,N610TX,4.26
FLIGHT_0155,N301VR,3.12
FLIGHT_0156,N301VR,3.64
FLIGHT_0157,N99CT,3.34
FLIGHT_0158,N610TX,3.87
FLIGHT_0159,N495DD,4.6
FLIGHT_0160,N604CH,3.6
FLIGHT_0161,N716TM,4.6
FLIGHT_0162,N523AR,5.25
FLIGHT_0163,N71HC,2.96
FLIGHT_0164,N452M,4.54
FLIGHT_0165,N301VR,3.23
FLIGHT_0166,N716TM,4.04
FLIGHT_0167,N99CT,3.78
FLIGHT_0168,N452M,3.53
FLIGHT_0169,N523AR,4.57
FLIGHT_0170,N71HC,3.51
FLIGHT_0171,N523AR,2.75
FLIGHT_0172,N610TX,4.03
FLIGHT_0173,N452M,2.81
FLIGHT_0174,N372MZ,2.86
FLIGHT_0175,N716TM,4.59
FLIGHT_0176,N99CT,3.68
FLIGHT_0177,N610TX,4.55
FLIGHT_0178,N523AR,3.5
FLIGHT_0179,N716TM,3.77
FLIGHT_0180,N523AR,4.67
FLIGHT_0181,N610TX,4.57
FLIGHT_0182,N71HC,3.49
FLIGHT_0183,N579MH,3.18
FLIGHT_0184,N604CH,4.74
FLIGHT_0185,N523AR,4.12
FLIGHT_0186,N716TM,4.15
FLIGHT_0187,N610TX,2.81
FLIGHT_0188,N610TX,4.24
FLIGHT_0189,N452M,4.32
FLIGHT_0190,N372MZ,3.3
FLIGHT_0191,N716TM,5.64
FLIGHT_0192,N610TX,3.37
FLIGHT_0193,N716TM,4.79
FLIGHT_0194,N604CH,3.91
FLIGHT_0195,N610TX,2.42
FLIGHT_0196,N579MH,4.11
FLIGHT_0197,N604CH,4.06
FLIGHT_0198,N604CH,2.59
FLIGHT_0199,N99CT,4.25
FLIGHT_0200,N604XT,4.67
FLIGHT_0201,N301VR,4.08
FLIGHT_0202,N523AR,3.03
FLIGHT_0203,N99CT,3.15
FLIGHT_0204,N523AR,5.2
FLIGHT_0205,N452M,2.72
FLIGHT_0206,N610TX,3.5
FLIGHT_0207,N71HC,3.61
FLIGHT_0208,N495DD,2.89
FLIGHT_0209,N531P,3.33
FLIGHT_0210,N610TX,4.67
FLIGHT_0211,N523AR,4.37
FLIGHT_0212,N372MZ,4.53
FLIGHT_0213,N610TX,3.88
FLIGHT_0214,N71HC,4.76
FLIGHT_0215,N452M,4.05
FLIGHT_0216,N610TX,4.59
FLIGHT_0217,N610TX,3.6
FLIGHT_0218,N716TM,4.48
FLIGHT_0219,N71HC,3.75
FLIGHT_0220,N452M,4.29
FLIGHT_0221,N71HC,3.36
FLIGHT_0222,N579MH,3.76
FLIGHT_0223,N99CT,3.66
FLIGHT_0224,N301VR,3.66
FLIGHT_0225,N71HC,2.8
FLIGHT_0226,N579MH,3.91
FLIGHT_0227,N71HC,3.56
FLIGHT_0228,N579MH,3.12
FLIGHT_0229,N531P,5.0
FLIGHT_0230,N372MZ,4.03
FLIGHT_0231,N604XT,6.07
FLIGHT_0232,N523AR,4.3
FLIGHT_0233,N523AR,5.18
FLIGHT_0234,N99CT,3.68
FLIGHT_0235,N531P,5.77
FLIGHT_0236,N579MH,3.12
FLIGHT_0237,N523AR,3.95
FLIGHT_0238,N71HC,2.86
FLIGHT_0239,N372MZ,3.71
FLIGHT_0240,N301VR,2.75
FLIGHT_0241,N610TX,2.75
FLIGHT_0242,N301VR,2.18
FLIGHT_0243,N610TX,2.31
FLIGHT_0244,N523AR,4.82
FLIGHT_0245,N71HC,3.13
FLIGHT_0246,N716TM,3.39
FLIGHT_0247,N301VR,3.01
FLIGHT_0248,N716TM,3.93
FLIGHT_0249,N99CT,2.84
FLIGHT_0250,N604XT,5.52
FLIGHT_0251,N71HC,4.18
FLIGHT_0252,N604CH,4.8
FLIGHT_0253,N99CT,3.49
FLIGHT_0254,N452M,3.95
FLIGHT_0255,N495DD,3.83
FLIGHT_0256,N99CT,2.9
FLIGHT_0257,N71HC,3.39
FLIGHT_0258,N99CT,3.75
FLIGHT_0259,N99CT,4.06
FLIGHT_0260,N523AR,3.91
FLIGHT_0261,N372MZ,2.93
FLIGHT_0262,N610TX,4.24
FLIGHT_0263,N523AR,2.96
FLIGHT_0264,N610TX,3.73
FLIGHT_0265,N610TX,3.81
FLIGHT_0266,N452M,3.5
FLIGHT_0267,N523AR,3.16
FLIGHT_0268,N99CT,3.18
FLIGHT_0269,N716TM,5.55
FLIGHT_0270,N604XT,4.76
FLIGHT_0271,N523AR,5.19
FLIGHT_0272,N99CT,2.7
FLIGHT_0273,N523AR,4.51
FLIGHT_0274,N301VR,3.43
FLIGHT_0275,N372MZ,3.83
FLIGHT_0276,N301VR,3.69
FLIGHT_0277,N604XT,4.43
FLIGHT_0278,N604CH,2.98
FLIGHT_0279,N99CT,3.73
FLIGHT_0280,N531P,4.95
FLIGHT_0281,N604CH,4.62
FLIGHT_0282,N716TM,5.35
FLIGHT_0283,N99CT,3.65
FLIGHT_0284,N71HC,2.73
FLIGHT_0285,N579MH,2.75
FLIGHT_0286,N579MH,3.61
FLIGHT_0287,N99CT,3.9
FLIGHT_0288,N523AR,4.96
FLIGHT_0289,N716TM,4.53
FLIGHT_0290,N452M,3.73
FLIGHT_0291,N716TM,5.75
FLIGHT_0292,N452M,4.13
FLIGHT_0293,N523AR,4.26
FLIGHT_0294,N372MZ,3.33
FLIGHT_0295,N523AR,3.56
FLIGHT_0296,N604XT,3.49
FLIGHT_0297,N71HC,2.81
FLIGHT_0298,N604CH,3.95
FLIGHT_0299,N523AR,4.31
FLIGHT_0300,N523AR,4.08
FLIGHT_0301,N531P,4.88
FLIGHT_0302,N452M,4.95
FLIGHT_0303,N604XT,3.7
FLIGHT_0304,N71HC,3.01
FLIGHT_0305,N372MZ,2.3
FLIGHT_0306,N604XT,4.3
FLIGHT_0307,N610TX,3.67
FLIGHT_0308,N452M,4.34
FLIGHT_0309,N604XT,4.26
FLIGHT_0310,N71HC,3.05
FLIGHT_0311,N604CH,3.88
FLIGHT_0312,N579MH,4.12
FLIGHT_0313,N610TX,2.7
FLIGHT_0314,N716TM,5.08
FLIGHT_0315,N301VR,4.11
FLIGHT_0316,N301VR,3.69
FLIGHT_0317,N604XT,3.62
FLIGHT_0318,N610TX,3.54
FLIGHT_0319,N301VR,4.05
FLIGHT_0320,N372MZ,3.12
FLIGHT_0321,N604XT,4.79
FLIGHT_0322,N372MZ,3.72
FLIGHT_0323,N71HC,3.48
FLIGHT_0324,N452M,3.2
FLIGHT_0325,N301VR,3.57
FLIGHT_0326,N604CH,3.93
FLIGHT_0327,N716TM,3.18
FLIGHT_0328,N523AR,4.32
FLIGHT_0329,N452M,4.16
FLIGHT_0330,N716TM,4.03
FLIGHT_0331,N99CT,2.0
FLIGHT_0332,N372MZ,3.68
FLIGHT_0333,N495DD,5.42
FLIGHT_0334,N531P,4.06
FLIGHT_0335,N716TM,5.39
FLIGHT_0336,N301VR,2.92
FLIGHT_0337,N71HC,2.72
FLIGHT_0338,N301VR,3.38
FLIGHT_0339,N452M,3.21
FLIGHT_0340,N301VR,3.57
FLIGHT_0341,N523AR,4.04
FLIGHT_0342,N301VR,4.21
FLIGHT_0343,N301VR,3.13
FLIGHT_0344,N604XT,4.39
FLIGHT_0345,N604XT,4.77
FLIGHT_0346,N301VR,3.92
FLIGHT_0347,N301VR,4.22
FLIGHT_0348,N301VR,3.25
FLIGHT_0349,N604CH,3.49
FLIGHT_0350,N579MH,2.5
FLIGHT_0351,N301VR,4.54
FLIGHT_0352,N523AR,4.59
FLIGHT_0353,N372MZ,4.26
FLIGHT_0354,N452M,4.12
FLIGHT_0355,N610TX,3.79
FLIGHT_0356,N71HC,3.58
FLIGHT_0357,N99CT,3.06
FLIGHT_0358,N716TM,4.1
FLIGHT_0359,N604CH,3.13
FLIGHT_0360,N610TX,4.78
FLIGHT_0361,N523AR,4.74
FLIGHT_0362,N716TM,5.81
FLIGHT_0363,N523AR,6.05
FLIGHT_0364,N716TM,3.27
FLIGHT_0365,N716TM,5.06
FLIGHT_0366,N579MH,2.87
FLIGHT_0367,N301VR,3.49
FLIGHT_0368,N716TM,4.56
FLIGHT_0369,N604XT,3.35
FLIGHT_0370,N301VR,2.97
FLIGHT_0371,N301VR,3.59
FLIGHT_0372,N716TM,4.45
FLIGHT_0373,N452M,3.09
FLIGHT_0374,N604CH,3.3
FLIGHT_0375,N301VR,2.55
FLIGHT_0376,N523AR,3.42
FLIGHT_0377,N716TM,4.04
FLIGHT_0378,N604XT,5.06
FLIGHT_0379,N372MZ,4.49
FLIGHT_0380,N452M,4.96
FLIGHT_0381,N523AR,4.64
FLIGHT_0382,N610TX,3.88
FLIGHT_0383,N610TX,4.09
FLIGHT_0384,N452M,4.08
FLIGHT_0385,N579MH,2.7
FLIGHT_0386,N71HC,4.44
FLIGHT_0387,N71HC,2.29
FLIGHT_0388,N301VR,4.03
FLIGHT_0389,N716TM,4.37
FLIGHT_0390,N372MZ,3.04
FLIGHT_0391,N579MH,4.11
FLIGHT_0392,N610TX,3.68
FLIGHT_0393,N301VR,3.0
FLIGHT_0394,N99CT,2.6
FLIGHT_0395,N604CH,2.79
FLIGHT_0396,N71HC,3.03
FLIGHT_0397,N99CT,3.17
FLIGHT_0398,N610TX,2.96
FLIGHT_0399,N604CH,3.79
FLIGHT_0400,N71HC,2.78
FLIGHT_0401,N452M,3.99
FLIGHT_0402,N372MZ,4.57
FLIGHT_0403,N604CH,3.95
FLIGHT_0404,N604CH,3.69
FLIGHT_0405,N301VR,3.08
FLIGHT_0406,N604XT,5.41
FLIGHT_0407,N301VR,3.27
FLIGHT_0408,N301VR,4.78
FLIGHT_0409,N452M,2.98
FLIGHT_0410,N495DD,4.54
FLIGHT_0411,N372MZ,4.69
FLIGHT_0412,N452M,3.31
FLIGHT_0413,N610TX,3.6
FLIGHT_0414,N452M,4.17
FLIGHT_0415,N523AR,4.61
FLIGHT_0416,N71HC,3.7
FLIGHT_0417,N99CT,4.04
FLIGHT_0418,N71HC,3.18
FLIGHT_0419,N71HC,4.19
FLIGHT_0420,N579MH,2.63
FLIGHT_0421,N604XT,5.13
FLIGHT_0422,N610TX,4.51
FLIGHT_0423,N372MZ,3.25
FLIGHT_0424,N604XT,3.23
FLIGHT_0425,N71HC,3.25
FLIGHT_0426,N301VR,3.61
FLIGHT_0427,N716TM,4.07
FLIGHT_0428,N604CH,4.09
FLIGHT_0429,N99CT,4.47
FLIGHT_0430,N372MZ,2.86
FLIGHT_0431,N579MH,2.47
FLIGHT_0432,N99CT,3.34
FLIGHT_0433,N716TM,3.81
FLIGHT_0434,N523AR,3.96
FLIGHT_0435,N523AR,5.27
FLIGHT_0436,N604CH,3.68
FLIGHT_0437,N372MZ,3.74
FLIGHT_0438,N579MH,3.47
FLIGHT_0439,N452M,3.73
FLIGHT_0440,N579MH,3.94
FLIGHT_0441,N610TX,5.59
FLIGHT_0442,N716TM,4.53
FLIGHT_0443,N372MZ,4.52
FLIGHT_0444,N71HC,3.49
FLIGHT_0445,N716TM,2.8
FLIGHT_0446,N99CT,3.06
FLIGHT_0447,N579MH,3.95
FLIGHT_0448,N716TM,4.87
FLIGHT_0449,N99CT,3.5
FLIGHT_0450,N610TX,4.36
FLIGHT_0451,N604CH,2.8
FLIGHT_0452,N604CH,3.79
FLIGHT_0453,N604CH,4.63
FLIGHT_0454,N610TX,3.12
FLIGHT_0455,N579MH,4.49
FLIGHT_0456,N716TM,5.13
FLIGHT_0457,N452M,2.94
FLIGHT_0458,N604CH,3.98
FLIGHT_0459,N523AR,4.44
FLIGHT_0460,N523AR,4.19
FLIGHT_0461,N71HC,2.52
FLIGHT_0462,N610TX,3.59
FLIGHT_0463,N71HC,3.3
FLIGHT_0464,N610TX,2.64
FLIGHT_0465,N610TX,2.9
FLIGHT_0466,N604XT,3.63
FLIGHT_0467,N579MH,3.07
FLIGHT_0468,N71HC,3.57
FLIGHT_0469,N301VR,3.9
FLIGHT_0470,N99CT,3.2
FLIGHT_0471,N604CH,4.26
FLIGHT_0472,N523AR,5.04
FLIGHT_0473,N99CT,3.33
FLIGHT_0474,N716TM,4.63
FLIGHT_0475,N610TX,3.61
FLIGHT_0476,N71HC,2.75
FLIGHT_0477,N610TX,3.27
FLIGHT_0478,N716TM,4.57
FLIGHT_0479,N579MH,3.68
FLIGHT_0480,N301VR,3.8
FLIGHT_0481,N495DD,2.9
FLIGHT_0482,N604XT,3.08
FLIGHT_0483,N716TM,3.18
FLIGHT_0484,N579MH,3.87
FLIGHT_0485,N604XT,3.29
FLIGHT_0486,N372MZ,3.96
FLIGHT_0487,N604CH,4.26
FLIGHT_0488,N716TM,5.46
FLIGHT_0489,N579MH,4.68
FLIGHT_0490,N610TX,3.3
FLIGHT_0491,N452M,2.66
FLIGHT_0492,N610TX,3.34
FLIGHT_0493,N71HC,3.94
FLIGHT_0494,N604CH,3.5
FLIGHT_0495,N604XT,4.3
FLIGHT_0496,N301VR,3.07
FLIGHT_0497,N452M,4.8
FLIGHT_0498,N372MZ,3.09
FLIGHT_0499,N99CT,3.42
FLIGHT_0500,N301VR,4.0
FLIGHT_0501,N452M,4.97
FLIGHT_0502,N301VR,2.99
FLIGHT_0503,N301VR,3.93
FLIGHT_0504,N523AR,3.84
FLIGHT_0505,N99CT,4.16
FLIGHT_0506,N610TX,4.89
FLIGHT_0507,N523AR,3.65
FLIGHT_0508,N579MH,4.19
FLIGHT_0509,N610TX,4.49
FLIGHT_0510,N495DD,4.1
FLIGHT_0511,N71HC,3.69
FLIGHT_0512,N604CH,4.15
FLIGHT_0513,N523AR,5.83
FLIGHT_0514,N71HC,2.27
FLIGHT_0515,N372MZ,3.72
FLIGHT_0516,N604CH,2.93
FLIGHT_0517,N604CH,3.77
FLIGHT_0518,N610TX,3.24
FLIGHT_0519,N604CH,3.59
FLIGHT_0520,N604CH,3.18
FLIGHT_0521,N452M,3.86
FLIGHT_0522,N301VR,3.98
FLIGHT_0523,N71HC,3.18
FLIGHT_0524,N372MZ,4.7
FLIGHT_0525,N579MH,4.44
FLIGHT_0526,N99CT,4.53
FLIGHT_0527,N716TM,4.63
FLIGHT_0528,N71HC,3.34
FLIGHT_0529,N579MH,2.71
FLIGHT_0530,N452M,3.24
FLIGHT_0531,N610TX,3.62
FLIGHT_0532,N604CH,3.7
FLIGHT_0533,N452M,5.3
FLIGHT_0534,N523AR,4.16
FLIGHT_0535,N71HC,2.39
FLIGHT_0536,N71HC,3.76
FLIGHT_0537,N604XT,4.78
FLIGHT_0538,N99CT,3.12
FLIGHT_0539,N579MH,5.16
FLIGHT_0540,N604XT,2.89
FLIGHT_0541,N523AR,5.26
FLIGHT_0542,N610TX,3.57
FLIGHT_0543,N604XT,3.61
FLIGHT_0544,N716TM,6.12
FLIGHT_0545,N523AR,4.88
FLIGHT_0546,N372MZ,3.56
FLIGHT_0547,N71HC,3.2
FLIGHT_0548,N301VR,3.54
FLIGHT_0549,N579MH,3.46
FLIGHT_0550,N610TX,4.61
FLIGHT_0551,N523AR,4.39
FLIGHT_0552,N452M,4.42
FLIGHT_0553,N452M,3.9
FLIGHT_0554,N99CT,3.87
FLIGHT_0555,N372MZ,4.64
FLIGHT_0556,N523AR,5.58
FLIGHT_0557,N716TM,4.69
FLIGHT_0558,N372MZ,3.18
FLIGHT_0559,N604CH,3.64
FLIGHT_0560,N99CT,3.36
FLIGHT_0561,N610TX,3.38
FLIGHT_0562,N604CH,3.27
FLIGHT_0563,N610TX,3.87
FLIGHT_0564,N716TM,3.58
FLIGHT_0565,N610TX,2.99
FLIGHT_0566,N71HC,2.42
FLIGHT_0567,N301VR,3.65
FLIGHT_0568,N604CH,3.98
FLIGHT_0569,N372MZ,3.54
FLIGHT_0570,N579MH,4.42
FLIGHT_0571,N523AR,3.57
FLIGHT_0572,N301VR,3.6
FLIGHT_0573,N604XT,4.36
FLIGHT_0574,N523AR,3.77
FLIGHT_0575,N579MH,3.44
FLIGHT_0576,N523AR,3.89
FLIGHT_0577,N610TX,3.93
FLIGHT_0578,N579MH,4.15
FLIGHT_0579,N604CH,3.48
FLIGHT_0580,N610TX,3.29
FLIGHT_0581,N579MH,3.85
FLIGHT_0582,N301VR,2.45
FLIGHT_0583,N301VR,3.4
FLIGHT_0584,N372MZ,4.78
FLIGHT_0585,N716TM,3.8
FLIGHT_0586,N579MH,3.64
FLIGHT_0587,N99CT,3.95
FLIGHT_0588,N716TM,4.88
FLIGHT_0589,N523AR,4.37
FLIGHT_0590,N610TX,3.72
FLIGHT_0591,N604XT,3.39
FLIGHT_0592,N610TX,4.08
FLIGHT_0593,N610TX,2.87
FLIGHT_0594,N99CT,2.22
FLIGHT_0595,N716TM,5.08
FLIGHT_0596,N604CH,4.01
FLIGHT_0597,N452M,4.34
FLIGHT_0598,N531P,3.77
FLIGHT_0599,N610TX,4.07
FLIGHT_0600,N301VR,3.14
FLIGHT_0601,N716TM,4.08
FLIGHT_0602,N604XT,5.05
FLIGHT_0603,N523AR,4.21
FLIGHT_0604,N99CT,2.99
FLIGHT_0605,N71HC,2.61
FLIGHT_0606,N301VR,3.59
FLIGHT_0607,N604XT,5.12
FLIGHT_0608,N452M,3.24
FLIGHT_0609,N452M,4.21
FLIGHT_0610,N372MZ,3.14
FLIGHT_0611,N523AR,4.88
FLIGHT_0612,N531P,4.35
FLIGHT_0613,N99CT,3.53
FLIGHT_0614,N71HC,2.99
FLIGHT_0615,N99CT,3.58
FLIGHT_0616,N452M,3.36
FLIGHT_0617,N610TX,3.49
FLIGHT_0618,N495DD,3.18
FLIGHT_0619,N372MZ,3.25
FLIGHT_0620,N99CT,3.08
FLIGHT_0621,N604XT,4.56
FLIGHT_0622,N372MZ,4.15
FLIGHT_0623,N523AR,3.86
FLIGHT_0624,N716TM,4.2
FLIGHT_0625,N452M,4.87
FLIGHT_0626,N604CH,3.84
FLIGHT_0627,N452M,3.4
FLIGHT_0628,N604CH,2.65
FLIGHT_0629,N610TX,3.19
FLIGHT_0630,N99CT,2.87
FLIGHT_0631,N301VR,4.5
FLIGHT_0632,N71HC,2.9
FLIGHT_0633,N99CT,3.41
FLIGHT_0634,N495DD,4.6
FLIGHT_0635,N604XT,5.16
FLIGHT_0636,N579MH,3.77
FLIGHT_0637,N716TM,3.94
FLIGHT_0638,N610TX,3.38
FLIGHT_0639,N301VR,3.58
FLIGHT_0640,N71HC,3.0
FLIGHT_0641,N372MZ,3.03
FLIGHT_0642,N604CH,3.42
FLIGHT_0643,N523AR,3.33
FLIGHT_0644,N301VR,4.42
FLIGHT_0645,N604XT,4.77
FLIGHT_0646,N301VR,4.29
FLIGHT_0647,N99CT,3.65
FLIGHT_0648,N604XT,5.47
FLIGHT_0649,N716TM,4.59
FLIGHT_0650,N71HC,3.8
FLIGHT_0651,N523AR,2.71
FLIGHT_0652,N610TX,3.16
FLIGHT_0653,N610TX,3.79
FLIGHT_0654,N523AR,4.37
FLIGHT_0655,N716TM,4.26
FLIGHT_0656,N716TM,4.66
FLIGHT_0657,N716TM,4.7
FLIGHT_0658,N495DD,4.97
FLIGHT_0659,N604XT,4.83
FLIGHT_0660,N523AR,5.22
FLIGHT_0661,N71HC,4.07
FLIGHT_0662,N99CT,3.48
FLIGHT_0663,N523AR,5.89
FLIGHT_0664,N71HC,4.15
FLIGHT_0665,N579MH,3.23
FLIGHT_0666,N372MZ,4.01
FLIGHT_0667,N604XT,2.94
FLIGHT_0668,N523AR,3.06
FLIGHT_0669,N579MH,3.43
FLIGHT_0670,N716TM,3.66
FLIGHT_0671,N301VR,3.1
FLIGHT_0672,N604XT,4.57
FLIGHT_0673,N716TM,5.24
FLIGHT_0674,N604XT,5.2
FLIGHT_0675,N604CH,4.03
FLIGHT_0676,N610TX,3.04
FLIGHT_0677,N610TX,3.39
FLIGHT_0678,N301VR,3.74
FLIGHT_0679,N610TX,3.21
FLIGHT_0680,N372MZ,2.92
FLIGHT_0681,N604XT,4.69
FLIGHT_0682,N301VR,3.35
FLIGHT_0683,N452M,3.62
FLIGHT_0684,N99CT,4.01
FLIGHT_0685,N452M,4.47
FLIGHT_0686,N301VR,4.39
FLIGHT_0687,N604XT,3.83
FLIGHT_0688,N523AR,4.64
FLIGHT_0689,N99CT,3.39
FLIGHT_0690,N99CT,3.57
FLIGHT_0691,N523AR,3.47
FLIGHT_0692,N99CT,2.59
FLIGHT_0693,N523AR,4.29
FLIGHT_0694,N604XT,3.69
FLIGHT_0695,N452M,4.38
FLIGHT_0696,N372MZ,2.77
FLIGHT_0697,N301VR,2.58
FLIGHT_0698,N716TM,4.01
FLIGHT_0699,N716TM,3.17
FLIGHT_0700,N610TX,4.86
FLIGHT_0701,N452M,3.64
FLIGHT_0702,N71HC,3.04
FLIGHT_0703,N301VR,3.64
FLIGHT_0704,N452M,4.34
FLIGHT_0705,N452M,3.89
FLIGHT_0706,N452M,3.71
FLIGHT_0707,N452M,3.11
FLIGHT_0708,N523AR,4.79
FLIGHT_0709,N99CT,4.18
FLIGHT_0710,N523AR,4.15
FLIGHT_0711,N523AR,3.68
FLIGHT_0712,N523AR,4.46
FLIGHT_0713,N495DD,4.32
FLIGHT_0714,N716TM,3.41
FLIGHT_0715,N71HC,3.1
FLIGHT_0716,N523AR,5.66
FLIGHT_0717,N99CT,2.62
FLIGHT_0718,N523AR,3.8
FLIGHT_0719,N604CH,3.14
FLIGHT_0720,N452M,3.19
FLIGHT_0721,N71HC,3.13
FLIGHT_0722,N531P,4.66
FLIGHT_0723,N301VR,4.12
FLIGHT_0724,N372MZ,3.89
FLIGHT_0725,N71HC,3.0
FLIGHT_0726,N523AR,5.48
FLIGHT_0727,N452M,2.4
FLIGHT_0728,N523AR,4.83
FLIGHT_0729,N301VR,2.8
FLIGHT_0730,N716TM,4.28
FLIGHT_0731,N523AR,4.74
FLIGHT_0732,N523AR,3.12
FLIGHT_0733,N452M,3.85
FLIGHT_0734,N579MH,3.9
FLIGHT_0735,N372MZ,4.72
FLIGHT_0736,N523AR,6.36
FLIGHT_0737,N523AR,3.16
FLIGHT_0738,N523AR,5.38
FLIGHT_0739,N71HC,3.36
FLIGHT_0740,N495DD,3.71
FLIGHT_0741,N716TM,4.6
FLIGHT_0742,N452M,2.9
FLIGHT_0743,N71HC,2.68
FLIGHT_0744,N99CT,2.4
FLIGHT_0745,N301VR,3.69
FLIGHT_0746,N301VR,3.57
FLIGHT_0747,N523AR,3.71
FLIGHT_0748,N99CT,4.24
FLIGHT_0749,N301VR,3.01
FLIGHT_0750,N495DD,5.29
FLIGHT_0751,N372MZ,3.84
FLIGHT_0752,N301VR,3.0
FLIGHT_0753,N523AR,4.24
FLIGHT_0754,N604CH,2.93
FLIGHT_0755,N610TX,3.9
FLIGHT_0756,N604XT,4.34
FLIGHT_0757,N716TM,4.72
FLIGHT_0758,N372MZ,4.34
FLIGHT_0759,N579MH,3.83
FLIGHT_0760,N99CT,2.55
FLIGHT_0761,N452M,4.37
FLIGHT_0762,N523AR,4.33
FLIGHT_0763,N610TX,2.51
FLIGHT_0764,N372MZ,3.96
FLIGHT_0765,N604XT,4.61
FLIGHT_0766,N372MZ,3.52
FLIGHT_0767,N523AR,4.17
FLIGHT_0768,N523AR,3.87
FLIGHT_0769,N452M,4.03
FLIGHT_0770,N372MZ,3.85
FLIGHT_0771,N452M,3.16
FLIGHT_0772,N452M,4.82
FLIGHT_0773,N610TX,3.32
FLIGHT_0774,N372MZ,1.98
FLIGHT_0775,N523AR,3.96
FLIGHT_0776,N99CT,3.96
FLIGHT_0777,N372MZ,3.63
FLIGHT_0778,N716TM,3.09
FLIGHT_0779,N716TM,3.55
FLIGHT_0780,N716TM,3.51
FLIGHT_0781,N452M,3.38
FLIGHT_0782,N452M,3.59
FLIGHT_0783,N604XT,4.7
FLIGHT_0784,N523AR,4.42
FLIGHT_0785,N372MZ,3.87
FLIGHT_0786,N604XT,5.66
FLIGHT_0787,N523AR,4.97
FLIGHT_0788,N71HC,3.81
FLIGHT_0789,N71HC,2.36
FLIGHT_0790,N579MH,3.26
FLIGHT_0791,N604XT,3.12
FLIGHT_0792,N523AR,3.74
FLIGHT_0793,N610TX,4.28
FLIGHT_0794,N301VR,3.16
FLIGHT_0795,N71HC,3.98
FLIGHT_0796,N523AR,4.84
FLIGHT_0797,N301VR,3.41
FLIGHT_0798,N71HC,4.0
FLIGHT_0799,N716TM,5.35
FLIGHT_0800,N523AR,4.66
FLIGHT_0801,N71HC,3.51
FLIGHT_0802,N372MZ,4.17
FLIGHT_0803,N523AR,3.26
FLIGHT_0804,N99CT,3.32
FLIGHT_0805,N604CH,3.74
FLIGHT_0806,N301VR,3.18
FLIGHT_0807,N452M,3.24
FLIGHT_0808,N610TX,4.42
FLIGHT_0809,N71HC,3.48
FLIGHT_0810,N610TX,3.93
FLIGHT_0811,N604CH,4.7
FLIGHT_0812,N610TX,3.63
FLIGHT_0813,N604XT,4.03
FLIGHT_0814,N716TM,5.35
FLIGHT_0815,N452M,2.78
FLIGHT_0816,N99CT,3.41
FLIGHT_0817,N99CT,2.97
FLIGHT_0818,N716TM,4.54
FLIGHT_0819,N716TM,4.75
FLIGHT_0820,N531P,4.79
FLIGHT_0821,N372MZ,4.43
FLIGHT_0822,N610TX,3.59
FLIGHT_0823,N301VR,3.28
FLIGHT_0824,N610TX,4.11
FLIGHT_0825,N610TX,4.34
FLIGHT_0826,N301VR,2.65
FLIGHT_0827,N71HC,3.56
FLIGHT_0828,N604CH,3.49
FLIGHT_0829,N604XT,4.39
FLIGHT_0830,N604CH,3.52
FLIGHT_0831,N372MZ,3.28
FLIGHT_0832,N523AR,3.56
FLIGHT_0833,N301VR,3.3
FLIGHT_0834,N579MH,3.99
FLIGHT_0835,N301VR,3.04
FLIGHT_0836,N579MH,4.54
FLIGHT_0837,N604CH,5.37
FLIGHT_0838,N579MH,4.03
FLIGHT_0839,N610TX,3.73
FLIGHT_0840,N523AR,3.64
FLIGHT_0841,N604CH,4.0
FLIGHT_0842,N604XT,5.43
FLIGHT_0843,N610TX,5.04
FLIGHT_0844,N372MZ,4.68
FLIGHT_0845,N99CT,3.86
FLIGHT_0846,N610TX,4.03
FLIGHT_0847,N604XT,3.53
FLIGHT_0848,N301VR,3.33
FLIGHT_0849,N604XT,4.16
FLIGHT_0850,N452M,3.69
FLIGHT_0851,N579MH,3.29
FLIGHT_0852,N71HC,3.8
FLIGHT_0853,N452M,3.58
FLIGHT_0854,N604CH,3.52
FLIGHT_0855,N579MH,3.29
FLIGHT_0856,N99CT,3.51
FLIGHT_0857,N716TM,5.45
FLIGHT_0858,N372MZ,3.75
FLIGHT_0859,N604CH,3.95
FLIGHT_0860,N716TM,5.78
FLIGHT_0861,N71HC,4.06
FLIGHT_0862,N301VR,3.71
FLIGHT_0863,N372MZ,4.11
FLIGHT_0864,N301VR,3.04
FLIGHT_0865,N301VR,2.99
FLIGHT_0866,N301VR,3.46
FLIGHT_0867,N604XT,4.44
FLIGHT_0868,N523AR,3.68
FLIGHT_0869,N716TM,4.85
FLIGHT_0870,N610TX,3.58
FLIGHT_0871,N99CT,4.02
FLIGHT_0872,N71HC,3.35
FLIGHT_0873,N610TX,3.66
FLIGHT_0874,N523AR,3.62
FLIGHT_0875,N579MH,3.21
FLIGHT_0876,N301VR,4.12
FLIGHT_0877,N604CH,3.94
FLIGHT_0878,N523AR,4.61
FLIGHT_0879,N604CH,4.81
FLIGHT_0880,N716TM,3.33
FLIGHT_0881,N523AR,4.83
FLIGHT_0882,N604CH,2.71
FLIGHT_0883,N610TX,3.47
FLIGHT_0884,N301VR,2.73
FLIGHT_0885,N604CH,4.32
FLIGHT_0886,N716TM,2.9
FLIGHT_0887,N579MH,3.61
FLIGHT_0888,N716TM,3.45
FLIGHT_0889,N604XT,3.68
FLIGHT_0890,N71HC,2.99
FLIGHT_0891,N71HC,4.12
FLIGHT_0892,N301VR,3.19
FLIGHT_0893,N99CT,4.36
FLIGHT_0894,N610TX,5.04
FLIGHT_0895,N610TX,5.15
FLIGHT_0896,N604CH,3.72
FLIGHT_0897,N716TM,4.48
FLIGHT_0898,N71HC,3.6
FLIGHT_0899,N372MZ,3.51
FLIGHT_0900,N610TX,4.04
FLIGHT_0901,N523AR,3.62
FLIGHT_0902,N452M,2.53
FLIGHT_0903,N610TX,4.23
FLIGHT_0904,N452M,3.53
FLIGHT_0905,N716TM,3.59
FLIGHT_0906,N301VR,2.9
FLIGHT_0907,N523AR,5.46
FLIGHT_0908,N495DD,4.67
FLIGHT_0909,N99CT,2.53
FLIGHT_0910,N716TM,3.43
FLIGHT_0911,N604CH,3.57
FLIGHT_0912,N523AR,4.68
FLIGHT_0913,N71HC,2.93
FLIGHT_0914,N604XT,4.19
FLIGHT_0915,N604XT,4.41
FLIGHT_0916,N604CH,3.84
FLIGHT_0917,N99CT,2.03
FLIGHT_0918,N604CH,3.91
FLIGHT_0919,N579MH,2.62
FLIGHT_0920,N301VR,3.22
FLIGHT_0921,N604CH,3.43
FLIGHT_0922,N71HC,2.77
FLIGHT_0923,N71HC,3.86
FLIGHT_0924,N523AR,3.48
FLIGHT_0925,N71HC,3.09
FLIGHT_0926,N71HC,3.88
FLIGHT_0927,N604CH,3.39
FLIGHT_0928,N99CT,2.95
FLIGHT_0929,N610TX,3.58
FLIGHT_0930,N579MH,4.11
FLIGHT_0931,N99CT,4.2
FLIGHT_0932,N99CT,2.86
FLIGHT_0933,N579MH,3.19
FLIGHT_0934,N604XT,4.11
FLIGHT_0935,N301VR,3.51
FLIGHT_0936,N716TM,3.74
FLIGHT_0937,N604CH,4.21
FLIGHT_0938,N301VR,2.87
FLIGHT_0939,N452M,2.51
FLIGHT_0940,N604XT,4.73
FLIGHT_0941,N523AR,4.81
FLIGHT_0942,N71HC,3.97
FLIGHT_0943,N301VR,2.25
FLIGHT_0944,N452M,3.32
FLIGHT_0945,N99CT,3.24
FLIGHT_0946,N716TM,5.65
FLIGHT_0947,N579MH,3.65
FLIGHT_0948,N716TM,3.31
FLIGHT_0949,N523AR,4.55
FLIGHT_0950,N604CH,4.62
FLIGHT_0951,N523AR,5.15
FLIGHT_0952,N610TX,4.12
FLIGHT_0953,N452M,3.93
FLIGHT_0954,N71HC,2.1
FLIGHT_0955,N71HC,3.4
FLIGHT_0956,N523AR,4.45
FLIGHT_0957,N604XT,4.2
FLIGHT_0958,N716TM,4.86
FLIGHT_0959,N610TX,3.64
FLIGHT_0960,N604XT,4.05
FLIGHT_0961,N71HC,3.96
FLIGHT_0962,N604XT,4.01
FLIGHT_0963,N71HC,3.42
FLIGHT_0964,N604CH,4.35
FLIGHT_0965,N579MH,3.09
FLIGHT_0966,N301VR,2.75
FLIGHT_0967,N99CT,4.14
FLIGHT_0968,N452M,3.37
FLIGHT_0969,N579MH,4.21
FLIGHT_0970,N610TX,2.59
FLIGHT_0971,N301VR,1.97
FLIGHT_0972,N716TM,4.59
FLIGHT_0973,N99CT,3.31
FLIGHT_0974,N579MH,4.0
FLIGHT_0975,N71HC,4.43
FLIGHT_0976,N99CT,2.69
FLIGHT_0977,N604XT,4.35
FLIGHT_0978,N495DD,5.43
FLIGHT_0979,N716TM,3.5
FLIGHT_0980,N523AR,3.88
FLIGHT_0981,N604CH,2.59
FLIGHT_0982,N99CT,4.64
FLIGHT_0983,N716TM,2.67
FLIGHT_0984,N71HC,3.83
FLIGHT_0985,N604CH,2.89
FLIGHT_0986,N452M,3.06
FLIGHT_0987,N71HC,3.98
FLIGHT_0988,N716TM,3.77
FLIGHT_0989,N452M,4.19
FLIGHT_0990,N610TX,4.67
FLIGHT_0991,N372MZ,3.89
FLIGHT_0992,N610TX,4.34
FLIGHT_0993,N604XT,4.38
FLIGHT_0994,N372MZ,3.84
FLIGHT_0995,N71HC,3.02
FLIGHT_0996,N523AR,5.77
FLIGHT_0997,N99CT,3.8
FLIGHT_0998,N452M,4.11
FLIGHT_0999,N610TX,4.26
FLIGHT_1000,N604XT,3.81
FLIGHT_1001,N71HC,3.91
FLIGHT_1002,N99CT,4.26
FLIGHT_1003,N716TM,3.29
FLIGHT_1004,N716TM,4.73
FLIGHT_1005,N604XT,4.37
FLIGHT_1006,N610TX,3.42
FLIGHT_1007,N301VR,2.76
FLIGHT_1008,N301VR,3.97
FLIGHT_1009,N579MH,3.9
FLIGHT_1010,N716TM,4.16
FLIGHT_1011,N452M,4.11
FLIGHT_1012,N71HC,3.31
FLIGHT_1013,N716TM,3.8
FLIGHT_1014,N716TM,4.42
FLIGHT_1015,N99CT,3.36
FLIGHT_1016,N579MH,2.59
FLIGHT_1017,N99CT,3.02
FLIGHT_1018,N523AR,3.37
FLIGHT_1019,N523AR,3.08
FLIGHT_1020,N301VR,3.64
FLIGHT_1021,N301VR,3.01
FLIGHT_1022,N495DD,5.1
FLIGHT_1023,N372MZ,2.56
FLIGHT_1024,N610TX,3.56
FLIGHT_1025,N99CT,3.03
FLIGHT_1026,N301VR,2.49
FLIGHT_1027,N301VR,3.38
FLIGHT_1028,N523AR,3.2
FLIGHT_1029,N604XT,4.49
FLIGHT_1030,N452M,4.23
FLIGHT_1031,N372MZ,3.94
FLIGHT_1032,N99CT,3.61
FLIGHT_1033,N523AR,5.09
FLIGHT_1034,N610TX,3.74
FLIGHT_1035,N71HC,2.91
FLIGHT_1036,N523AR,3.86
FLIGHT_1037,N610TX,3.37
FLIGHT_1038,N372MZ,3.07
FLIGHT_1039,N604CH,4.27
FLIGHT_1040,N716TM,4.72
FLIGHT_1041,N523AR,3.07
FLIGHT_1042,N301VR,2.91
FLIGHT_1043,N604XT,3.5
FLIGHT_1044,N301VR,3.56
FLIGHT_1045,N452M,4.46
FLIGHT_1046,N604CH,4.05
FLIGHT_1047,N495DD,3.8
FLIGHT_1048,N99CT,3.2
FLIGHT_1049,N301VR,2.59
FLIGHT_1050,N604CH,2.89
FLIGHT_1051,N579MH,4.31
FLIGHT_1052,N372MZ,4.71
FLIGHT_1053,N716TM,3.79
FLIGHT_1054,N523AR,4.36
FLIGHT_1055,N604CH,4.23
FLIGHT_1056,N523AR,3.07
FLIGHT_1057,N579MH,3.07
FLIGHT_1058,N604CH,5.07
FLIGHT_1059,N716TM,3.6
FLIGHT_1060,N301VR,3.18
FLIGHT_1061,N495DD,3.87
FLIGHT_1062,N301VR,2.25
FLIGHT_1063,N604CH,3.81
FLIGHT_1064,N372MZ,3.74
FLIGHT_1065,N452M,3.88
FLIGHT_1066,N604XT,4.26
FLIGHT_1067,N301VR,3.12
FLIGHT_1068,N716TM,3.94
FLIGHT_1069,N604CH,3.43
FLIGHT_1070,N99CT,2.83
FLIGHT_1071,N372MZ,3.21
FLIGHT_1072,N604CH,3.12
FLIGHT_1073,N71HC,3.7
FLIGHT_1074,N71HC,3.55
FLIGHT_1075,N579MH,3.78
FLIGHT_1076,N452M,5.04
FLIGHT_1077,N716TM,3.63
FLIGHT_1078,N610TX,4.49
FLIGHT_1079,N579MH,3.59
FLIGHT_1080,N610TX,3.86
FLIGHT_1081,N301VR,3.76
FLIGHT_1082,N99CT,3.11
FLIGHT_1083,N452M,3.06
FLIGHT_1084,N452M,3.18
FLIGHT_1085,N523AR,2.73
FLIGHT_1086,N372MZ,4.15
FLIGHT_1087,N452M,4.14
FLIGHT_1088,N301VR,4.27
FLIGHT_1089,N579MH,4.03
FLIGHT_1090,N452M,4.19
FLIGHT_1091,N71HC,3.33
FLIGHT_1092,N716TM,4.67
FLIGHT_1093,N604CH,4.47
FLIGHT_1094,N71HC,3.49
FLIGHT_1095,N301VR,3.09
FLIGHT_1096,N610TX,3.62
FLIGHT_1097,N579MH,4.26
FLIGHT_1098,N604CH,3.44
FLIGHT_1099,N452M,4.34
FLIGHT_1100,N301VR,4.46
FLIGHT_1101,N99CT,3.89
FLIGHT_1102,N716TM,4.88
FLIGHT_1103,N71HC,3.58
FLIGHT_1104,N604XT,3.74
FLIGHT_1105,N604XT,3.67
FLIGHT_1106,N523AR,3.66
FLIGHT_1107,N99CT,3.69
FLIGHT_1108,N71HC,3.17
FLIGHT_1109,N579MH,3.74
FLIGHT_1110,N523AR,4.63
FLIGHT_1111,N99CT,2.91
FLIGHT_1112,N604XT,3.95
FLIGHT_1113,N301VR,3.56
FLIGHT_1114,N71HC,3.22
FLIGHT_1115,N372MZ,3.63
FLIGHT_1116,N301VR,2.8
FLIGHT_1117,N579MH,3.64
FLIGHT_1118,N71HC,4.31
FLIGHT_1119,N301VR,3.13
FLIGHT_1120,N99CT,2.73
FLIGHT_1121,N610TX,4.39
FLIGHT_1122,N495DD,4.72
FLIGHT_1123,N610TX,3.9
FLIGHT_1124,N495DD,3.33
FLIGHT_1125,N579MH,2.99
FLIGHT_1126,N71HC,2.52
FLIGHT_1127,N716TM,4.65
FLIGHT_1128,N716TM,5.09
FLIGHT_1129,N71HC,3.64
FLIGHT_1130,N523AR,5.79
FLIGHT_1131,N99CT,3.13
FLIGHT_1132,N716TM,4.08
FLIGHT_1133,N716TM,4.41
FLIGHT_1134,N523AR,4.15
FLIGHT_1135,N604XT,4.7
FLIGHT_1136,N452M,3.33
FLIGHT_1137,N716TM,3.27
FLIGHT_1138,N99CT,2.38
FLIGHT_1139,N71HC,3.65
FLIGHT_1140,N452M,3.41
FLIGHT_1141,N301VR,2.72
FLIGHT_1142,N372MZ,3.35
FLIGHT_1143,N523AR,5.79
FLIGHT_1144,N99CT,2.75
FLIGHT_1145,N71HC,3.8
FLIGHT_1146,N716TM,4.64
FLIGHT_1147,N452M,4.64
FLIGHT_1148,N523AR,4.23
FLIGHT_1149,N579MH,2.73
FLIGHT_1150,N579MH,4.41
FLIGHT_1151,N604XT,4.13
FLIGHT_1152,N523AR,5.28
FLIGHT_1153,N301VR,3.84
FLIGHT_1154,N71HC,3.95
FLIGHT_1155,N99CT,4.72
FLIGHT_1156,N372MZ,3.95
FLIGHT_1157,N301VR,4.2
FLIGHT_1158,N579MH,3.49
FLIGHT_1159,N99CT,3.68
FLIGHT_1160,N610TX,3.43
FLIGHT_1161,N71HC,3.65
FLIGHT_1162,N71HC,3.59
FLIGHT_1163,N610TX,2.4
FLIGHT_1164,N523AR,3.86
FLIGHT_1165,N610TX,3.91
FLIGHT_1166,N301VR,2.11
FLIGHT_1167,N716TM,4.25
FLIGHT_1168,N604XT,5.08
FLIGHT_1169,N452M,4.61
FLIGHT_1170,N716TM,3.73
FLIGHT_1171,N610TX,4.66
FLIGHT_1172,N579MH,4.56
FLIGHT_1173,N604CH,2.35
FLIGHT_1174,N71HC,3.45
FLIGHT_1175,N99CT,3.51
FLIGHT_1176,N610TX,4.75
FLIGHT_1177,N610TX,3.95
FLIGHT_1178,N523AR,5.36
FLIGHT_1179,N301VR,2.94
FLIGHT_1180,N99CT,2.48
FLIGHT_1181,N579MH,3.33
FLIGHT_1182,N301VR,4.27
FLIGHT_1183,N71HC,3.91
FLIGHT_1184,N716TM,6.07
FLIGHT_1185,N372MZ,2.81
FLIGHT_1186,N301VR,3.96
FLIGHT_1187,N523AR,4.88
FLIGHT_1188,N579MH,3.57
FLIGHT_1189,N604XT,4.9
FLIGHT_1190,N71HC,3.46
FLIGHT_1191,N716TM,4.67
FLIGHT_1192,N372MZ,4.21
FLIGHT_1193,N452M,4.41
FLIGHT_1194,N372MZ,3.81
FLIGHT_1195,N610TX,4.92
FLIGHT_1196,N372MZ,3.62
FLIGHT_1197,N604CH,5.0
FLIGHT_1198,N99CT,2.74
FLIGHT_1199,N523AR,3.58
FLIGHT_1200,N523AR,3.63
FLIGHT_1201,N716TM,5.04
FLIGHT_1202,N495DD,3.72
FLIGHT_1203,N716TM,5.44
FLIGHT_1204,N372MZ,3.41
FLIGHT_1205,N523AR,4.62
FLIGHT_1206,N523AR,4.8
FLIGHT_1207,N610TX,3.09
FLIGHT_1208,N71HC,2.6
FLIGHT_1209,N71HC,3.54
FLIGHT_1210,N71HC,3.22
FLIGHT_1211,N452M,4.09
FLIGHT_1212,N523AR,3.31
FLIGHT_1213,N579MH,3.52
FLIGHT_1214,N99CT,3.28
FLIGHT_1215,N579MH,2.15
FLIGHT_1216,N716TM,5.07
FLIGHT_1217,N372MZ,3.26
FLIGHT_1218,N452M,4.74
FLIGHT_1219,N372MZ,3.31
FLIGHT_1220,N372MZ,3.42
FLIGHT_1221,N531P,3.39
FLIGHT_1222,N372MZ,4.51
FLIGHT_1223,N523AR,4.66
FLIGHT_1224,N604XT,5.37
FLIGHT_1225,N716TM,4.16
FLIGHT_1226,N301VR,3.35
FLIGHT_1227,N71HC,2.43
FLIGHT_1228,N523AR,3.85
FLIGHT_1229,N716TM,4.45
FLIGHT_1230,N372MZ,4.01
FLIGHT_1231,N301VR,4.41
FLIGHT_1232,N716TM,2.93
FLIGHT_1233,N604CH,3.91
FLIGHT_1234,N523AR,4.04
FLIGHT_1235,N372MZ,3.8
FLIGHT_1236,N579MH,3.82
FLIGHT_1237,N610TX,3.64
FLIGHT_1238,N579MH,3.02
FLIGHT_1239,N301VR,2.64
FLIGHT_1240,N71HC,3.23
FLIGHT_1241,N99CT,2.58
FLIGHT_1242,N610TX,3.68
FLIGHT_1243,N301VR,3.24
FLIGHT_1244,N71HC,2.0
FLIGHT_1245,N716TM,5.78
FLIGHT_1246,N452M,3.8
FLIGHT_1247,N716TM,2.49
FLIGHT_1248,N610TX,3.92
FLIGHT_1249,N301VR,3.27
FLIGHT_1250,N99CT,2.64
FLIGHT_1251,N716TM,4.56
FLIGHT_1252,N604CH,3.14
FLIGHT_1253,N452M,3.89
FLIGHT_1254,N301VR,2.99
FLIGHT_1255,N301VR,2.87
FLIGHT_1256,N604CH,3.75
FLIGHT_1257,N99CT,2.47
FLIGHT_1258,N99CT,3.33
FLIGHT_1259,N301VR,3.75
FLIGHT_1260,N301VR,4.1
FLIGHT_1261,N716TM,5.14
FLIGHT_1262,N301VR,4.14
FLIGHT_1263,N71HC,3.13
FLIGHT_1264,N452M,3.08
FLIGHT_1265,N71HC,3.84
FLIGHT_1266,N372MZ,3.42
FLIGHT_1267,N301VR,3.38
FLIGHT_1268,N604XT,4.88
FLIGHT_1269,N716TM,5.84
FLIGHT_1270,N604CH,4.11
FLIGHT_1271,N99CT,3.49
FLIGHT_1272,N452M,3.02
FLIGHT_1273,N716TM,5.2
FLIGHT_1274,N71HC,3.62
FLIGHT_1275,N610TX,3.53
FLIGHT_1276,N579MH,3.46
FLIGHT_1277,N71HC,3.16
FLIGHT_1278,N610TX,3.79
FLIGHT_1279,N71HC,2.56
FLIGHT_1280,N301VR,4.07
FLIGHT_1281,N610TX,4.43
FLIGHT_1282,N716TM,4.2
FLIGHT_1283,N452M,3.49
FLIGHT_1284,N99CT,3.37
FLIGHT_1285,N372MZ,3.85
FLIGHT_1286,N495DD,4.1
FLIGHT_1287,N610TX,4.42
FLIGHT_1288,N579MH,2.82
FLIGHT_1289,N301VR,2.98
FLIGHT_1290,N579MH,4.26
FLIGHT_1291,N99CT,3.56
FLIGHT_1292,N604CH,3.31
FLIGHT_1293,N452M,4.02
FLIGHT_1294,N523AR,3.73
FLIGHT_1295,N604CH,3.55
FLIGHT_1296,N99CT,3.97
FLIGHT_1297,N523AR,5.03
FLIGHT_1298,N71HC,3.54
FLIGHT_1299,N604XT,3.53
FLIGHT_1300,N301VR,3.17
FLIGHT_1301,N604CH,3.82
FLIGHT_1302,N301VR,4.2
FLIGHT_1303,N604XT,2.98
FLIGHT_1304,N301VR,2.89
FLIGHT_1305,N452M,4.5
FLIGHT_1306,N99CT,4.15
FLIGHT_1307,N531P,4.26
FLIGHT_1308,N716TM,5.48
FLIGHT_1309,N372MZ,3.28
FLIGHT_1310,N71HC,2.53
FLIGHT_1311,N372MZ,4.27
FLIGHT_1312,N716TM,5.3
FLIGHT_1313,N604CH,4.59
FLIGHT_1314,N301VR,2.89
FLIGHT_1315,N716TM,4.47
FLIGHT_1316,N523AR,4.95
FLIGHT_1317,N301VR,3.55
FLIGHT_1318,N99CT,4.2
FLIGHT_1319,N610TX,3.49
FLIGHT_1320,N610TX,3.71
FLIGHT_1321,N372MZ,3.92
FLIGHT_1322,N716TM,4.95
FLIGHT_1323,N716TM,4.17
FLIGHT_1324,N604XT,5.02
FLIGHT_1325,N99CT,4.28
FLIGHT_1326,N610TX,3.42
FLIGHT_1327,N716TM,4.2
FLIGHT_1328,N610TX,4.4
FLIGHT_1329,N523AR,5.77
FLIGHT_1330,N604CH,4.18
FLIGHT_1331,N301VR,2.94
FLIGHT_1332,N452M,3.89
FLIGHT_1333,N716TM,5.04
FLIGHT_1334,N604XT,3.71
FLIGHT_1335,N604CH,3.05
FLIGHT_1336,N99CT,3.18
FLIGHT_1337,N523AR,4.82
FLIGHT_1338,N523AR,3.29
FLIGHT_1339,N716TM,3.8
FLIGHT_1340,N523AR,4.53
FLIGHT_1341,N71HC,3.99
FLIGHT_1342,N71HC,3.54
FLIGHT_1343,N604XT,4.6
FLIGHT_1344,N604XT,5.07
FLIGHT_1345,N716TM,5.52
FLIGHT_1346,N452M,4.73
FLIGHT_1347,N452M,2.41
FLIGHT_1348,N523AR,4.4
FLIGHT_1349,N523AR,5.01
FLIGHT_1350,N71HC,4.34
FLIGHT_1351,N372MZ,4.18
FLIGHT_1352,N372MZ,3.19
FLIGHT_1353,N99CT,2.97
FLIGHT_1354,N372MZ,3.3
FLIGHT_1355,N716TM,4.56
FLIGHT_1356,N301VR,3.11
FLIGHT_1357,N372MZ,1.76
FLIGHT_1358,N604XT,3.44
FLIGHT_1359,N71HC,3.13
FLIGHT_1360,N495DD,3.3
FLIGHT_1361,N610TX,2.96
FLIGHT_1362,N579MH,5.11
FLIGHT_1363,N604XT,4.31
FLIGHT_1364,N301VR,3.17
FLIGHT_1365,N99CT,3.76
FLIGHT_1366,N716TM,5.19
FLIGHT_1367,N495DD,6.0
FLIGHT_1368,N604CH,4.88
FLIGHT_1369,N71HC,3.63
FLIGHT_1370,N71HC,2.52
FLIGHT_1371,N716TM,3.57
FLIGHT_1372,N716TM,4.02
FLIGHT_1373,N610TX,4.09
FLIGHT_1374,N604XT,4.4
FLIGHT_1375,N99CT,2.56
FLIGHT_1376,N372MZ,2.67
FLIGHT_1377,N372MZ,3.93
FLIGHT_1378,N604XT,4.42
FLIGHT_1379,N99CT,3.26
FLIGHT_1380,N71HC,3.65
FLIGHT_1381,N301VR,4.09
FLIGHT_1382,N604CH,3.96
FLIGHT_1383,N604XT,3.62
FLIGHT_1384,N523AR,5.76
FLIGHT_1385,N71HC,3.28
FLIGHT_1386,N99CT,3.41
FLIGHT_1387,N301VR,3.02
FLIGHT_1388,N610TX,3.05
FLIGHT_1389,N99CT,2.82
FLIGHT_1390,N301VR,2.7
FLIGHT_1391,N610TX,1.78
FLIGHT_1392,N579MH,3.65
FLIGHT_1393,N604CH,4.48
FLIGHT_1394,N301VR,2.83
FLIGHT_1395,N579MH,5.44
FLIGHT_1396,N71HC,4.16
FLIGHT_1397,N604CH,3.75
FLIGHT_1398,N301VR,2.75
FLIGHT_1399,N71HC,2.48
FLIGHT_1400,N604CH,3.68
FLIGHT_1401,N495DD,4.37
FLIGHT_1402,N579MH,3.63
FLIGHT_1403,N301VR,3.98
FLIGHT_1404,N99CT,4.23
FLIGHT_1405,N372MZ,4.07
FLIGHT_1406,N372MZ,4.11
FLIGHT_1407,N610TX,3.55
FLIGHT_1408,N372MZ,3.76
FLIGHT_1409,N523AR,4.63
FLIGHT_1410,N452M,3.55
FLIGHT_1411,N301VR,3.76
FLIGHT_1412,N523AR,3.53
FLIGHT_1413,N716TM,3.77
FLIGHT_1414,N301VR,2.79
FLIGHT_1415,N604CH,3.32
FLIGHT_1416,N531P,4.11
FLIGHT_1417,N579MH,4.43
FLIGHT_1418,N71HC,3.4
FLIGHT_1419,N523AR,3.35
FLIGHT_1420,N99CT,2.59
FLIGHT_1421,N372MZ,3.49
FLIGHT_1422,N523AR,4.95
FLIGHT_1423,N604CH,4.68
FLIGHT_1424,N99CT,2.49
FLIGHT_1425,N99CT,3.59
FLIGHT_1426,N604XT,4.02
FLIGHT_1427,N452M,3.54
FLIGHT_1428,N523AR,3.52
FLIGHT_1429,N372MZ,3.62
FLIGHT_1430,N610TX,3.02
FLIGHT_1431,N610TX,3.58
FLIGHT_1432,N604CH,4.51
FLIGHT_1433,N372MZ,4.17
FLIGHT_1434,N716TM,5.76
FLIGHT_1435,N452M,4.11
FLIGHT_1436,N71HC,3.48
FLIGHT_1437,N610TX,4.12
FLIGHT_1438,N301VR,2.94
FLIGHT_1439,N523AR,2.75
FLIGHT_1440,N579MH,4.28
FLIGHT_1441,N71HC,2.37
FLIGHT_1442,N99CT,4.01
FLIGHT_1443,N579MH,4.26
FLIGHT_1444,N604CH,3.2
FLIGHT_1445,N604XT,3.99
FLIGHT_1446,N716TM,4.31
FLIGHT_1447,N372MZ,3.15
FLIGHT_1448,N716TM,4.73
FLIGHT_1449,N99CT,3.74
FLIGHT_1450,N372MZ,2.81
FLIGHT_1451,N452M,3.21
FLIGHT_1452,N523AR,4.29
FLIGHT_1453,N495DD,5.18
FLIGHT_1454,N716TM,4.81
FLIGHT_1455,N523AR,2.57
FLIGHT_1456,N99CT,3.21
FLIGHT_1457,N610TX,4.07
FLIGHT_1458,N604CH,3.23
FLIGHT_1459,N604XT,3.66
FLIGHT_1460,N495DD,3.76
FLIGHT_1461,N604CH,3.55
FLIGHT_1462,N523AR,3.59
FLIGHT_1463,N716TM,4.82
FLIGHT_1464,N99CT,2.89
FLIGHT_1465,N604XT,3.54
FLIGHT_1466,N610TX,3.49
FLIGHT_1467,N99CT,4.22
FLIGHT_1468,N99CT,3.68
FLIGHT_1469,N523AR,4.76
FLIGHT_1470,N604CH,3.95
FLIGHT_1471,N716TM,3.61
FLIGHT_1472,N716TM,3.84
FLIGHT_1473,N604XT,3.71
FLIGHT_1474,N495DD,5.14
FLIGHT_1475,N301VR,3.55
FLIGHT_1476,N301VR,2.44
FLIGHT_1477,N604XT,5.41
FLIGHT_1478,N523AR,4.07
FLIGHT_1479,N610TX,4.19
FLIGHT_1480,N372MZ,4.45
FLIGHT_1481,N301VR,1.94
FLIGHT_1482,N523AR,4.66
FLIGHT_1483,N523AR,4.13
FLIGHT_1484,N301VR,2.02
FLIGHT_1485,N610TX,3.02
FLIGHT_1486,N604CH,3.46
FLIGHT_1487,N716TM,4.96
FLIGHT_1488,N716TM,4.19
FLIGHT_1489,N301VR,3.47
FLIGHT_1490,N716TM,4.06
FLIGHT_1491,N579MH,4.47
FLIGHT_1492,N523AR,4.72
FLIGHT_1493,N610TX,3.86
FLIGHT_1494,N301VR,2.73
FLIGHT_1495,N579MH,3.83
FLIGHT_1496,N452M,5.59
FLIGHT_1497,N523AR,4.92
FLIGHT_1498,N301VR,2.97
FLIGHT_1499,N716TM,5.71
FLIGHT_1500,N71HC,2.94
FLIGHT_1501,N610TX,4.23
FLIGHT_1502,N610TX,3.73
FLIGHT_1503,N610TX,3.88
FLIGHT_1504,N452M,3.9
FLIGHT_1505,N71HC,3.24
FLIGHT_1506,N452M,3.5
FLIGHT_1507,N610TX,2.89
FLIGHT_1508,N71HC,2.74
FLIGHT_1509,N716TM,4.57
FLIGHT_1510,N579MH,3.31
FLIGHT_1511,N99CT,2.87
FLIGHT_1512,N301VR,4.98
FLIGHT_1513,N610TX,5.39
FLIGHT_1514,N610TX,4.14
FLIGHT_1515,N99CT,3.79
FLIGHT_1516,N71HC,2.92
FLIGHT_1517,N452M,2.98
FLIGHT_1518,N604XT,4.07
FLIGHT_1519,N71HC,3.38
FLIGHT_1520,N604CH,4.23
FLIGHT_1521,N452M,2.56
FLIGHT_1522,N610TX,5.17
FLIGHT_1523,N71HC,3.52
FLIGHT_1524,N99CT,2.51
FLIGHT_1525,N610TX,3.86
FLIGHT_1526,N301VR,2.87
FLIGHT_1527,N372MZ,3.12
FLIGHT_1528,N99CT,2.78
FLIGHT_1529,N71HC,3.24
FLIGHT_1530,N71HC,4.57
FLIGHT_1531,N99CT,3.44
FLIGHT_1532,N610TX,4.22
FLIGHT_1533,N301VR,3.91
FLIGHT_1534,N452M,3.66
FLIGHT_1535,N452M,3.0
FLIGHT_1536,N716TM,3.12
FLIGHT_1537,N372MZ,3.5
FLIGHT_1538,N716TM,5.19
FLIGHT_1539,N604CH,4.37
FLIGHT_1540,N579MH,3.93
FLIGHT_1541,N716TM,4.61
FLIGHT_1542,N71HC,3.31
FLIGHT_1543,N372MZ,3.44
FLIGHT_1544,N452M,3.27
FLIGHT_1545,N99CT,2.56
FLIGHT_1546,N579MH,4.94
FLIGHT_1547,N716TM,4.45
FLIGHT_1548,N604CH,3.47
FLIGHT_1549,N301VR,4.41
FLIGHT_1550,N372MZ,5.08
FLIGHT_1551,N99CT,4.93
FLIGHT_1552,N579MH,3.6
FLIGHT_1553,N452M,3.82
FLIGHT_1554,N604CH,4.19
FLIGHT_1555,N604CH,4.85
FLIGHT_1556,N531P,4.37
FLIGHT_1557,N452M,3.11
FLIGHT_1558,N579MH,3.26
FLIGHT_1559,N610TX,4.53
FLIGHT_1560,N579MH,4.16
FLIGHT_1561,N523AR,4.19
FLIGHT_1562,N716TM,4.14
FLIGHT_1563,N579MH,3.64
FLIGHT_1564,N99CT,4.08
FLIGHT_1565,N452M,3.24
FLIGHT_1566,N372MZ,2.96
FLIGHT_1567,N610TX,4.95
FLIGHT_1568,N301VR,3.4
FLIGHT_1569,N716TM,4.26
FLIGHT_1570,N452M,4.2
FLIGHT_1571,N71HC,2.83
FLIGHT_1572,N523AR,4.88
FLIGHT_1573,N452M,3.5
FLIGHT_1574,N495DD,5.17
FLIGHT_1575,N99CT,2.52
FLIGHT_1576,N452M,4.06
FLIGHT_1577,N301VR,3.25
FLIGHT_1578,N452M,3.3
FLIGHT_1579,N301VR,3.81
FLIGHT_1580,N604XT,4.21
FLIGHT_1581,N301VR,3.64
FLIGHT_1582,N372MZ,4.59
FLIGHT_1583,N301VR,3.82
FLIGHT_1584,N452M,3.04
FLIGHT_1585,N523AR,3.92
FLIGHT_1586,N301VR,3.64
FLIGHT_1587,N372MZ,4.28
FLIGHT_1588,N523AR,4.03
FLIGHT_1589,N99CT,3.49
FLIGHT_1590,N301VR,3.49
FLIGHT_1591,N523AR,4.57
FLIGHT_1592,N301VR,2.71
FLIGHT_1593,N301VR,2.58
FLIGHT_1594,N716TM,2.62
FLIGHT_1595,N604XT,4.4
FLIGHT_1596,N495DD,3.3
FLIGHT_1597,N301VR,4.58
FLIGHT_1598,N610TX,4.19
FLIGHT_1599,N452M,2.98
FLIGHT_1600,N716TM,5.18
FLIGHT_1601,N99CT,4.02
FLIGHT_1602,N610TX,4.56
FLIGHT_1603,N523AR,3.71
FLIGHT_1604,N716TM,4.86
FLIGHT_1605,N523AR,5.25
FLIGHT_1606,N604CH,4.79
FLIGHT_1607,N99CT,2.53
FLIGHT_1608,N604CH,3.62
FLIGHT_1609,N604CH,3.2
FLIGHT_1610,N495DD,5.72
FLIGHT_1611,N452M,4.08
FLIGHT_1612,N99CT,3.88
FLIGHT_1613,N579MH,4.07
FLIGHT_1614,N523AR,4.6
FLIGHT_1615,N523AR,3.67
FLIGHT_1616,N716TM,3.98
FLIGHT_1617,N71HC,3.42
FLIGHT_1618,N99CT,3.02
FLIGHT_1619,N716TM,3.69
FLIGHT_1620,N716TM,4.17
FLIGHT_1621,N372MZ,3.36
FLIGHT_1622,N301VR,3.41
FLIGHT_1623,N604XT,3.99
FLIGHT_1624,N716TM,3.8
FLIGHT_1625,N301VR,2.86
FLIGHT_1626,N716TM,4.32
FLIGHT_1627,N716TM,4.99
FLIGHT_1628,N579MH,4.19
FLIGHT_1629,N71HC,2.52
FLIGHT_1630,N610TX,4.32
FLIGHT_1631,N610TX,4.18
FLIGHT_1632,N523AR,4.99
FLIGHT_1633,N604CH,4.47
FLIGHT_1634,N301VR,2.97
FLIGHT_1635,N579MH,3.56
FLIGHT_1636,N604CH,4.93
FLIGHT_1637,N716TM,5.62
FLIGHT_1638,N301VR,3.33
FLIGHT_1639,N99CT,3.72
FLIGHT_1640,N523AR,4.84
FLIGHT_1641,N523AR,5.65
FLIGHT_1642,N71HC,3.58
FLIGHT_1643,N523AR,3.41
FLIGHT_1644,N523AR,3.96
FLIGHT_1645,N604CH,5.81
FLIGHT_1646,N301VR,2.67
FLIGHT_1647,N604CH,3.8
FLIGHT_1648,N372MZ,5.28
FLIGHT_1649,N604CH,3.23
FLIGHT_1650,N372MZ,1.96
FLIGHT_1651,N523AR,2.41
FLIGHT_1652,N99CT,2.93
FLIGHT_1653,N495DD,3.0
FLIGHT_1654,N610TX,4.44
FLIGHT_1655,N579MH,3.94
FLIGHT_1656,N301VR,2.18
FLIGHT_1657,N301VR,2.48
FLIGHT_1658,N610TX,4.57
FLIGHT_1659,N301VR,3.49
FLIGHT_1660,N301VR,4.19
FLIGHT_1661,N71HC,4.01
FLIGHT_1662,N610TX,3.0
FLIGHT_1663,N71HC,3.88
FLIGHT_1664,N71HC,3.7
FLIGHT_1665,N604XT,2.85
FLIGHT_1666,N301VR,2.61
FLIGHT_1667,N452M,5.36
FLIGHT_1668,N495DD,3.63
FLIGHT_1669,N523AR,4.63
FLIGHT_1670,N452M,3.64
FLIGHT_1671,N610TX,3.88
FLIGHT_1672,N523AR,4.23
FLIGHT_1673,N99CT,3.93
FLIGHT_1674,N604CH,4.38
FLIGHT_1675,N71HC,3.45
FLIGHT_1676,N610TX,3.17
FLIGHT_1677,N610TX,3.38
FLIGHT_1678,N99CT,2.49
FLIGHT_1679,N610TX,3.54
FLIGHT_1680,N71HC,2.39
FLIGHT_1681,N604XT,4.49
FLIGHT_1682,N301VR,3.55
FLIGHT_1683,N452M,4.42
FLIGHT_1684,N604XT,3.4
FLIGHT_1685,N604XT,3.46
FLIGHT_1686,N452M,4.76
FLIGHT_1687,N523AR,3.3
FLIGHT_1688,N71HC,4.54
FLIGHT_1689,N452M,3.15
FLIGHT_1690,N604CH,3.16
FLIGHT_1691,N610TX,4.31
FLIGHT_1692,N610TX,4.11
FLIGHT_1693,N71HC,4.3
FLIGHT_1694,N523AR,2.9
FLIGHT_1695,N716TM,4.73
FLIGHT_1696,N604XT,4.28
FLIGHT_1697,N71HC,2.77
FLIGHT_1698,N604CH,5.0
FLIGHT_1699,N99CT,3.51
FLIGHT_1700,N99CT,3.34
FLIGHT_1701,N99CT,3.64
FLIGHT_1702,N301VR,2.4
FLIGHT_1703,N604XT,3.38
FLIGHT_1704,N99CT,3.19
FLIGHT_1705,N99CT,3.56
FLIGHT_1706,N301VR,4.1
FLIGHT_1707,N604CH,3.18
FLIGHT_1708,N604CH,3.02
FLIGHT_1709,N99CT,3.66
FLIGHT_1710,N372MZ,3.66
FLIGHT_1711,N523AR,2.87
FLIGHT_1712,N716TM,3.64
FLIGHT_1713,N604XT,4.18
FLIGHT_1714,N99CT,3.3
FLIGHT_1715,N604CH,3.81
FLIGHT_1716,N301VR,2.65
FLIGHT_1717,N610TX,3.67
FLIGHT_1718,N301VR,3.92
FLIGHT_1719,N579MH,1.86
FLIGHT_1720,N452M,3.57
FLIGHT_1721,N301VR,2.44
FLIGHT_1722,N523AR,4.29
FLIGHT_1723,N71HC,2.54
FLIGHT_1724,N579MH,3.84
FLIGHT_1725,N716TM,5.54
FLIGHT_1726,N301VR,2.83
FLIGHT_1727,N604XT,3.69
FLIGHT_1728,N523AR,3.96
FLIGHT_1729,N604XT,4.56
FLIGHT_1730,N99CT,2.81
FLIGHT_1731,N71HC,3.17
FLIGHT_1732,N579MH,3.32
FLIGHT_1733,N579MH,3.45
FLIGHT_1734,N71HC,3.57
FLIGHT_1735,N716TM,4.73
FLIGHT_1736,N716TM,3.21
FLIGHT_1737,N99CT,3.57
FLIGHT_1738,N71HC,5.16
FLIGHT_1739,N99CT,4.26
FLIGHT_1740,N604XT,3.84
FLIGHT_1741,N579MH,3.84
FLIGHT_1742,N71HC,3.36
FLIGHT_1743,N71HC,3.64
FLIGHT_1744,N716TM,4.0
FLIGHT_1745,N495DD,4.11
FLIGHT_1746,N610TX,3.28
FLIGHT_1747,N372MZ,4.48
FLIGHT_1748,N604CH,3.96
FLIGHT_1749,N452M,3.96
FLIGHT_1750,N71HC,4.07
FLIGHT_1751,N301VR,4.08
FLIGHT_1752,N604XT,5.11
FLIGHT_1753,N99CT,4.06
FLIGHT_1754,N579MH,4.78
FLIGHT_1755,N372MZ,3.12
FLIGHT_1756,N604CH,3.56
FLIGHT_1757,N716TM,4.86
FLIGHT_1758,N531P,3.65
FLIGHT_1759,N604XT,4.05
FLIGHT_1760,N604CH,3.89
FLIGHT_1761,N604CH,3.61
FLIGHT_1762,N610TX,3.8
FLIGHT_1763,N301VR,2.73
FLIGHT_1764,N523AR,4.29
FLIGHT_1765,N716TM,4.42
FLIGHT_1766,N99CT,4.29
FLIGHT_1767,N610TX,3.58
FLIGHT_1768,N610TX,3.33
FLIGHT_1769,N99CT,3.79
FLIGHT_1770,N301VR,1.6
FLIGHT_1771,N716TM,4.09
FLIGHT_1772,N452M,3.42
FLIGHT_1773,N716TM,4.52
FLIGHT_1774,N301VR,4.09
FLIGHT_1775,N301VR,4.26
FLIGHT_1776,N523AR,4.51
FLIGHT_1777,N610TX,2.73
FLIGHT_1778,N716TM,3.94
FLIGHT_1779,N523AR,4.02
FLIGHT_1780,N301VR,3.59
FLIGHT_1781,N523AR,4.36
FLIGHT_1782,N372MZ,3.31
FLIGHT_1783,N716TM,3.38
FLIGHT_1784,N716TM,3.67
FLIGHT_1785,N452M,3.17
FLIGHT_1786,N301VR,4.29
FLIGHT_1787,N604XT,3.74
FLIGHT_1788,N71HC,3.42
FLIGHT_1789,N716TM,5.04
FLIGHT_1790,N604XT,4.47
FLIGHT_1791,N452M,3.04
FLIGHT_1792,N579MH,4.41
FLIGHT_1793,N301VR,3.58
FLIGHT_1794,N523AR,2.68
FLIGHT_1795,N523AR,5.26
FLIGHT_1796,N579MH,4.33
FLIGHT_1797,N372MZ,3.98
FLIGHT_1798,N301VR,4.3
FLIGHT_1799,N523AR,4.96
FLIGHT_1800,N579MH,4.5
FLIGHT_1801,N71HC,3.96
FLIGHT_1802,N604XT,4.89
FLIGHT_1803,N716TM,2.98
FLIGHT_1804,N71HC,2.44
FLIGHT_1805,N610TX,4.32
FLIGHT_1806,N71HC,4.08
FLIGHT_1807,N71HC,2.99
FLIGHT_1808,N579MH,3.02
FLIGHT_1809,N610TX,3.93
FLIGHT_1810,N610TX,2.8
FLIGHT_1811,N579MH,3.64
FLIGHT_1812,N301VR,3.18
FLIGHT_1813,N452M,3.61
FLIGHT_1814,N579MH,5.0
FLIGHT_1815,N71HC,3.02
FLIGHT_1816,N452M,3.8
FLIGHT_1817,N71HC,2.64
FLIGHT_1818,N301VR,3.91
FLIGHT_1819,N452M,3.64
FLIGHT_1820,N579MH,4.53
FLIGHT_1821,N71HC,2.0
FLIGHT_1822,N716TM,4.27
FLIGHT_1823,N579MH,3.84
FLIGHT_1824,N99CT,3.9
FLIGHT_1825,N71HC,3.02
FLIGHT_1826,N604XT,4.91
FLIGHT_1827,N452M,3.41
FLIGHT_1828,N495DD,4.4
FLIGHT_1829,N604CH,4.37
FLIGHT_1830,N604CH,3.15
FLIGHT_1831,N604XT,4.88
FLIGHT_1832,N716TM,4.57
FLIGHT_1833,N452M,3.54
FLIGHT_1834,N523AR,3.82
FLIGHT_1835,N301VR,2.2
FLIGHT_1836,N716TM,4.26
FLIGHT_1837,N604CH,3.54
FLIGHT_1838,N301VR,3.74
FLIGHT_1839,N99CT,3.68
FLIGHT_1840,N372MZ,4.46
FLIGHT_1841,N452M,4.48
FLIGHT_1842,N604XT,6.69
FLIGHT_1843,N716TM,4.71
FLIGHT_1844,N301VR,2.89
FLIGHT_1845,N604XT,4.94
FLIGHT_1846,N301VR,4.28
FLIGHT_1847,N604XT,4.68
FLIGHT_1848,N716TM,2.72
FLIGHT_1849,N452M,4.12
FLIGHT_1850,N523AR,3.85
FLIGHT_1851,N716TM,3.33
FLIGHT_1852,N452M,3.88
FLIGHT_1853,N716TM,3.18
FLIGHT_1854,N716TM,5.09
FLIGHT_1855,N452M,4.24
FLIGHT_1856,N716TM,4.26
FLIGHT_1857,N71HC,3.07
FLIGHT_1858,N71HC,3.28
FLIGHT_1859,N99CT,2.81
FLIGHT_1860,N301VR,3.33
FLIGHT_1861,N372MZ,1.89
FLIGHT_1862,N604XT,4.39
FLIGHT_1863,N716TM,4.41
FLIGHT_1864,N716TM,4.96
FLIGHT_1865,N610TX,3.95
FLIGHT_1866,N610TX,4.4
FLIGHT_1867,N523AR,4.73
FLIGHT_1868,N604CH,4.44
FLIGHT_1869,N372MZ,5.48
FLIGHT_1870,N716TM,4.64
FLIGHT_1871,N301VR,3.49
FLIGHT_1872,N99CT,4.05
FLIGHT_1873,N452M,3.45
FLIGHT_1874,N372MZ,3.68
FLIGHT_1875,N604XT,4.64
FLIGHT_1876,N99CT,3.42
FLIGHT_1877,N604XT,4.37
FLIGHT_1878,N604CH,4.35
FLIGHT_1879,N452M,2.64
FLIGHT_1880,N301VR,4.53
FLIGHT_1881,N372MZ,4.08
FLIGHT_1882,N301VR,3.16
FLIGHT_1883,N372MZ,4.83
FLIGHT_1884,N604XT,4.4
FLIGHT_1885,N99CT,3.46
FLIGHT_1886,N604CH,3.62
FLIGHT_1887,N301VR,4.21
FLIGHT_1888,N452M,3.75
FLIGHT_1889,N716TM,3.9
FLIGHT_1890,N372MZ,4.42
FLIGHT_1891,N610TX,4.54
FLIGHT_1892,N71HC,4.28
FLIGHT_1893,N523AR,4.8
FLIGHT_1894,N523AR,5.19
FLIGHT_1895,N99CT,3.23
FLIGHT_1896,N579MH,4.43
FLIGHT_1897,N604CH,4.25
FLIGHT_1898,N610TX,4.11
FLIGHT_1899,N452M,2.73
FLIGHT_1900,N523AR,4.03
FLIGHT_1901,N372MZ,3.73
FLIGHT_1902,N604CH,4.11
FLIGHT_1903,N523AR,6.12
FLIGHT_1904,N99CT,3.87
FLIGHT_1905,N523AR,3.71
FLIGHT_1906,N452M,3.44
FLIGHT_1907,N579MH,4.67
FLIGHT_1908,N372MZ,3.41
FLIGHT_1909,N99CT,3.95
FLIGHT_1910,N610TX,3.83
FLIGHT_1911,N71HC,3.29
FLIGHT_1912,N604XT,3.94
FLIGHT_1913,N301VR,1.66
FLIGHT_1914,N99CT,3.68
FLIGHT_1915,N604CH,3.06
FLIGHT_1916,N610TX,2.83
FLIGHT_1917,N71HC,3.52
FLIGHT_1918,N301VR,3.96
FLIGHT_1919,N71HC,2.42
FLIGHT_1920,N301VR,3.95
FLIGHT_1921,N99CT,2.87
FLIGHT_1922,N604CH,4.18
FLIGHT_1923,N610TX,4.14
FLIGHT_1924,N301VR,3.27
FLIGHT_1925,N579MH,3.78
FLIGHT_1926,N716TM,4.02
FLIGHT_1927,N99CT,3.53
FLIGHT_1928,N716TM,4.51
FLIGHT_1929,N579MH,3.15
FLIGHT_1930,N301VR,2.62
FLIGHT_1931,N523AR,5.08
FLIGHT_1932,N99CT,3.49
FLIGHT_1933,N716TM,4.98
FLIGHT_1934,N99CT,3.01
FLIGHT_1935,N452M,3.21
FLIGHT_1936,N372MZ,3.09
FLIGHT_1937,N452M,3.64
FLIGHT_1938,N71HC,3.51
FLIGHT_1939,N716TM,3.91
FLIGHT_1940,N71HC,4.26
FLIGHT_1941,N301VR,3.02
FLIGHT_1942,N372MZ,3.92
FLIGHT_1943,N71HC,2.88
FLIGHT_1944,N716TM,3.81
FLIGHT_1945,N579MH,3.7
FLIGHT_1946,N523AR,3.69
FLIGHT_1947,N610TX,3.81
FLIGHT_1948,N71HC,3.63
FLIGHT_1949,N604XT,5.14
FLIGHT_1950,N716TM,3.51
FLIGHT_1951,N610TX,3.87
FLIGHT_1952,N523AR,4.27
FLIGHT_1953,N604XT,2.93
FLIGHT_1954,N99CT,2.74
FLIGHT_1955,N372MZ,4.07
FLIGHT_1956,N716TM,3.31
FLIGHT_1957,N523AR,4.26
FLIGHT_1958,N452M,2.36
FLIGHT_1959,N610TX,3.69
FLIGHT_1960,N523AR,2.78
FLIGHT_1961,N452M,3.36
FLIGHT_1962,N301VR,3.14
FLIGHT_1963,N452M,3.84
FLIGHT_1964,N604XT,4.13
FLIGHT_1965,N523AR,3.39
FLIGHT_1966,N452M,2.96
FLIGHT_1967,N452M,2.7
FLIGHT_1968,N716TM,4.48
FLIGHT_1969,N604CH,3.86
FLIGHT_1970,N301VR,3.76
FLIGHT_1971,N452M,3.43
FLIGHT_1972,N372MZ,2.62
FLIGHT_1973,N301VR,3.2
FLIGHT_1974,N372MZ,3.77
FLIGHT_1975,N579MH,2.99
FLIGHT_1976,N579MH,3.05
FLIGHT_1977,N716TM,4.66
FLIGHT_1978,N716TM,4.4
FLIGHT_1979,N604CH,4.5
FLIGHT_1980,N716TM,5.62
FLIGHT_1981,N523AR,3.19
FLIGHT_1982,N372MZ,3.49
FLIGHT_1983,N301VR,3.45
FLIGHT_1984,N579MH,3.99
FLIGHT_1985,N579MH,4.42
FLIGHT_1986,N372MZ,4.24
FLIGHT_1987,N71HC,4.02
FLIGHT_1988,N523AR,4.37
FLIGHT_1989,N71HC,3.02
FLIGHT_1990,N604CH,5.04
FLIGHT_1991,N99CT,3.47
FLIGHT_1992,N610TX,3.6
FLIGHT_1993,N604XT,3.51
FLIGHT_1994,N452M,3.86
FLIGHT_1995,N523AR,5.07
FLIGHT_1996,N71HC,3.1
FLIGHT_1997,N452M,3.67
FLIGHT_1998,N301VR,3.52
FLIGHT_1999,N99CT,3.64
FLIGHT_2000,N716TM,4.12
FLIGHT_2001,N610TX,3.49
FLIGHT_2002,N604XT,3.94
FLIGHT_2003,N579MH,3.03
FLIGHT_2004,N372MZ,3.25
FLIGHT_2005,N523AR,3.72
FLIGHT_2006,N604CH,2.74
FLIGHT_2007,N71HC,3.95
FLIGHT_2008,N452M,3.99
FLIGHT_2009,N716TM,4.42
FLIGHT_2010,N716TM,5.3
FLIGHT_2011,N495DD,4.86
FLIGHT_2012,N523AR,3.73
FLIGHT_2013,N604XT,5.2
FLIGHT_2014,N71HC,3.93
FLIGHT_2015,N716TM,3.49
FLIGHT_2016,N523AR,5.0
FLIGHT_2017,N579MH,3.45
FLIGHT_2018,N99CT,3.95
FLIGHT_2019,N579MH,3.53
FLIGHT_2020,N71HC,3.08
FLIGHT_2021,N71HC,3.14
FLIGHT_2022,N716TM,3.59
FLIGHT_2023,N610TX,2.78
FLIGHT_2024,N372MZ,2.11
FLIGHT_2025,N716TM,3.53
FLIGHT_2026,N604XT,6.29
FLIGHT_2027,N452M,4.07
FLIGHT_2028,N71HC,4.43
FLIGHT_2029,N452M,3.55
FLIGHT_2030,N99CT,3.12
FLIGHT_2031,N452M,4.88
FLIGHT_2032,N495DD,4.6
FLIGHT_2033,N716TM,3.61
FLIGHT_2034,N71HC,3.74
FLIGHT_2035,N610TX,4.58
FLIGHT_2036,N604CH,2.82
FLIGHT_2037,N579MH,4.07
FLIGHT_2038,N99CT,2.61
FLIGHT_2039,N523AR,5.22
FLIGHT_2040,N716TM,4.49
FLIGHT_2041,N301VR,3.74
FLIGHT_2042,N579MH,3.62
FLIGHT_2043,N452M,2.58
FLIGHT_2044,N372MZ,3.47
FLIGHT_2045,N716TM,5.02
FLIGHT_2046,N579MH,5.07
FLIGHT_2047,N610TX,3.95
FLIGHT_2048,N372MZ,3.31
FLIGHT_2049,N372MZ,4.11
FLIGHT_2050,N610TX,4.31
FLIGHT_2051,N604CH,3.84
FLIGHT_2052,N99CT,3.42
FLIGHT_2053,N71HC,3.5
FLIGHT_2054,N610TX,3.79
FLIGHT_2055,N523AR,4.55
FLIGHT_2056,N99CT,4.42
FLIGHT_2057,N523AR,2.79
FLIGHT_2058,N372MZ,3.6
FLIGHT_2059,N610TX,3.15
FLIGHT_2060,N71HC,4.05
FLIGHT_2061,N531P,4.22
FLIGHT_2062,N452M,4.12
FLIGHT_2063,N71HC,4.19
FLIGHT_2064,N99CT,2.77
FLIGHT_2065,N610TX,3.41
FLIGHT_2066,N523AR,5.32
FLIGHT_2067,N523AR,3.48
FLIGHT_2068,N604XT,3.95
FLIGHT_2069,N301VR,2.48
FLIGHT_2070,N610TX,4.65
FLIGHT_2071,N71HC,3.05
FLIGHT_2072,N71HC,3.58
FLIGHT_2073,N99CT,3.77
FLIGHT_2074,N71HC,2.93
FLIGHT_2075,N604CH,2.51
FLIGHT_2076,N604CH,3.62
FLIGHT_2077,N610TX,3.6
FLIGHT_2078,N71HC,3.34
FLIGHT_2079,N372MZ,3.72
FLIGHT_2080,N523AR,3.95
FLIGHT_2081,N604CH,3.4
FLIGHT_2082,N372MZ,3.95
FLIGHT_2083,N71HC,2.92
FLIGHT_2084,N71HC,3.33
FLIGHT_2085,N716TM,3.9
FLIGHT_2086,N579MH,3.95
FLIGHT_2087,N610TX,4.49
FLIGHT_2088,N99CT,4.03
FLIGHT_2089,N301VR,4.11
FLIGHT_2090,N99CT,3.19
FLIGHT_2091,N604CH,3.59
FLIGHT_2092,N71HC,2.67
FLIGHT_2093,N716TM,4.07
FLIGHT_2094,N71HC,3.21
FLIGHT_2095,N604XT,3.86
FLIGHT_2096,N579MH,3.34
FLIGHT_2097,N604CH,2.64
FLIGHT_2098,N71HC,2.62
FLIGHT_2099,N523AR,4.36
FLIGHT_2100,N301VR,3.43
FLIGHT_2101,N301VR,3.65
FLIGHT_2102,N523AR,4.12
FLIGHT_2103,N716TM,4.33
FLIGHT_2104,N604XT,5.26
FLIGHT_2105,N301VR,3.35
FLIGHT_2106,N99CT,3.02
FLIGHT_2107,N452M,2.98
FLIGHT_2108,N579MH,4.28
FLIGHT_2109,N372MZ,2.64
FLIGHT_2110,N452M,3.2
FLIGHT_2111,N523AR,4.63
FLIGHT_2112,N604CH,2.51
FLIGHT_2113,N495DD,3.86
FLIGHT_2114,N716TM,4.42
FLIGHT_2115,N71HC,3.17
FLIGHT_2116,N523AR,3.58
FLIGHT_2117,N716TM,3.88
FLIGHT_2118,N71HC,3.84
FLIGHT_2119,N71HC,4.42
FLIGHT_2120,N99CT,3.46
FLIGHT_2121,N301VR,2.26
FLIGHT_2122,N301VR,3.7
FLIGHT_2123,N99CT,3.16
FLIGHT_2124,N71HC,2.76
FLIGHT_2125,N579MH,3.23
FLIGHT_2126,N99CT,2.96
FLIGHT_2127,N452M,2.83
FLIGHT_2128,N604CH,3.72
FLIGHT_2129,N495DD,5.69
FLIGHT_2130,N372MZ,3.03
FLIGHT_2131,N71HC,4.4
FLIGHT_2132,N301VR,3.49
FLIGHT_2133,N452M,3.69
FLIGHT_2134,N99CT,3.2
FLIGHT_2135,N610TX,3.23
FLIGHT_2136,N579MH,3.95
FLIGHT_2137,N716TM,4.72
FLIGHT_2138,N523AR,2.5
FLIGHT_2139,N523AR,6.23
FLIGHT_2140,N301VR,2.36
FLIGHT_2141,N71HC,3.09
FLIGHT_2142,N604CH,2.08
FLIGHT_2143,N523AR,4.12
FLIGHT_2144,N716TM,3.97
FLIGHT_2145,N71HC,3.09
FLIGHT_2146,N452M,3.95
FLIGHT_2147,N495DD,4.13
FLIGHT_2148,N495DD,4.73
FLIGHT_2149,N610TX,2.94
FLIGHT_2150,N71HC,3.43
FLIGHT_2151,N523AR,3.84
FLIGHT_2152,N604CH,3.51
FLIGHT_2153,N604CH,3.94
FLIGHT_2154,N716TM,3.95
FLIGHT_2155,N99CT,3.33
FLIGHT_2156,N372MZ,3.0
FLIGHT_2157,N716TM,5.15
FLIGHT_2158,N610TX,4.24
FLIGHT_2159,N99CT,3.44
FLIGHT_2160,N71HC,3.24
FLIGHT_2161,N301VR,3.33
FLIGHT_2162,N372MZ,4.46
FLIGHT_2163,N452M,4.19
FLIGHT_2164,N604XT,5.14
FLIGHT_2165,N610TX,3.53
FLIGHT_2166,N99CT,3.65
FLIGHT_2167,N301VR,4.05
FLIGHT_2168,N452M,3.15
FLIGHT_2169,N452M,3.11
FLIGHT_2170,N452M,3.94
FLIGHT_2171,N604CH,2.95
FLIGHT_2172,N71HC,2.36
FLIGHT_2173,N716TM,5.2
FLIGHT_2174,N610TX,4.64
FLIGHT_2175,N716TM,3.44
FLIGHT_2176,N71HC,2.57
FLIGHT_2177,N372MZ,3.33
FLIGHT_2178,N716TM,5.26
FLIGHT_2179,N604CH,3.49
FLIGHT_2180,N301VR,3.44
FLIGHT_2181,N604CH,3.97
FLIGHT_2182,N579MH,3.87
FLIGHT_2183,N579MH,4.74
FLIGHT_2184,N523AR,3.78
FLIGHT_2185,N716TM,4.25
FLIGHT_2186,N523AR,4.5
FLIGHT_2187,N523AR,4.28
FLIGHT_2188,N579MH,2.96
FLIGHT_2189,N716TM,3.21
FLIGHT_2190,N301VR,2.54
FLIGHT_2191,N99CT,3.8
FLIGHT_2192,N372MZ,3.22
FLIGHT_2193,N301VR,3.64
FLIGHT_2194,N452M,3.81
FLIGHT_2195,N372MZ,3.12
FLIGHT_2196,N604CH,3.14
FLIGHT_2197,N452M,3.84
FLIGHT_2198,N99CT,3.43
FLIGHT_2199,N452M,4.08
FLIGHT_2200,N523AR,3.97
FLIGHT_2201,N452M,3.2
FLIGHT_2202,N452M,3.83
FLIGHT_2203,N301VR,4.18
FLIGHT_2204,N71HC,2.32
FLIGHT_2205,N495DD,3.72
FLIGHT_2206,N372MZ,4.14
FLIGHT_2207,N716TM,4.48
FLIGHT_2208,N716TM,4.77
FLIGHT_2209,N71HC,3.14
FLIGHT_2210,N523AR,3.11
FLIGHT_2211,N610TX,4.86
FLIGHT_2212,N604CH,4.47
FLIGHT_2213,N523AR,4.3
FLIGHT_2214,N301VR,2.91
FLIGHT_2215,N99CT,3.11
FLIGHT_2216,N523AR,4.49
FLIGHT_2217,N604CH,3.59
FLIGHT_2218,N71HC,3.37
FLIGHT_2219,N495DD,5.53
FLIGHT_2220,N452M,4.37
FLIGHT_2221,N610TX,2.99
FLIGHT_2222,N716TM,4.38
FLIGHT_2223,N301VR,3.09
FLIGHT_2224,N716TM,4.55
FLIGHT_2225,N372MZ,3.72
FLIGHT_2226,N610TX,5.71
FLIGHT_2227,N301VR,3.63
FLIGHT_2228,N301VR,3.31
FLIGHT_2229,N452M,4.97
FLIGHT_2230,N604CH,3.89
FLIGHT_2231,N610TX,2.76
FLIGHT_2232,N71HC,3.32
FLIGHT_2233,N523AR,4.78
FLIGHT_2234,N99CT,3.65
FLIGHT_2235,N99CT,3.95
FLIGHT_2236,N579MH,3.86
FLIGHT_2237,N71HC,3.43
FLIGHT_2238,N301VR,2.59
FLIGHT_2239,N452M,4.76
FLIGHT_2240,N99CT,3.21
FLIGHT_2241,N604CH,3.11
FLIGHT_2242,N716TM,6.29
FLIGHT_2243,N604CH,4.87
FLIGHT_2244,N99CT,3.13
FLIGHT_2245,N604CH,2.52
FLIGHT_2246,N301VR,2.98
FLIGHT_2247,N523AR,5.5
FLIGHT_2248,N372MZ,3.87
FLIGHT_2249,N99CT,2.62
FLIGHT_2250,N716TM,4.91
FLIGHT_2251,N452M,3.62
FLIGHT_2252,N452M,3.33
FLIGHT_2253,N301VR,3.06
FLIGHT_2254,N99CT,4.11
FLIGHT_2255,N99CT,3.69
FLIGHT_2256,N99CT,2.55
FLIGHT_2257,N610TX,4.0
FLIGHT_2258,N579MH,3.83
FLIGHT_2259,N523AR,4.0
FLIGHT_2260,N610TX,3.51
FLIGHT_2261,N579MH,3.18
FLIGHT_2262,N604XT,3.82
FLIGHT_2263,N71HC,3.54
FLIGHT_2264,N71HC,3.22
FLIGHT_2265,N579MH,4.11
FLIGHT_2266,N301VR,2.94
FLIGHT_2267,N716TM,4.86
FLIGHT_2268,N99CT,4.12
FLIGHT_2269,N301VR,3.38
FLIGHT_2270,N495DD,4.72
FLIGHT_2271,N579MH,4.12
FLIGHT_2272,N71HC,3.1
FLIGHT_2273,N716TM,4.74
FLIGHT_2274,N604XT,2.62
FLIGHT_2275,N99CT,1.88
FLIGHT_2276,N531P,4.08
FLIGHT_2277,N604CH,4.17
FLIGHT_2278,N99CT,3.33
FLIGHT_2279,N604CH,4.25
FLIGHT_2280,N604CH,2.97
FLIGHT_2281,N301VR,3.88
FLIGHT_2282,N301VR,4.3
FLIGHT_2283,N610TX,3.3
FLIGHT_2284,N99CT,3.81
FLIGHT_2285,N452M,3.78
FLIGHT_2286,N579MH,4.05
FLIGHT_2287,N716TM,5.54
FLIGHT_2288,N99CT,3.57
FLIGHT_2289,N523AR,4.89
FLIGHT_2290,N71HC,2.67
FLIGHT_2291,N372MZ,4.24
FLIGHT_2292,N452M,4.82
FLIGHT_2293,N604CH,3.15
FLIGHT_2294,N716TM,4.08
FLIGHT_2295,N452M,4.21
FLIGHT_2296,N452M,4.05
FLIGHT_2297,N610TX,2.87
FLIGHT_2298,N523AR,4.44
FLIGHT_2299,N604CH,3.54
FLIGHT_2300,N579MH,3.12
FLIGHT_2301,N716TM,5.35
FLIGHT_2302,N610TX,3.76
FLIGHT_2303,N301VR,3.94
FLIGHT_2304,N99CT,2.72
FLIGHT_2305,N452M,4.14
FLIGHT_2306,N301VR,3.98
FLIGHT_2307,N452M,3.6
FLIGHT_2308,N372MZ,3.43
FLIGHT_2309,N301VR,2.65
FLIGHT_2310,N523AR,3.67
FLIGHT_2311,N604CH,3.46
FLIGHT_2312,N579MH,3.12
FLIGHT_2313,N610TX,3.25
FLIGHT_2314,N452M,3.86
FLIGHT_2315,N71HC,3.54
FLIGHT_2316,N301VR,3.99
FLIGHT_2317,N610TX,3.26
FLIGHT_2318,N531P,4.34
FLIGHT_2319,N301VR,3.15
FLIGHT_2320,N604CH,3.44
FLIGHT_2321,N452M,3.55
FLIGHT_2322,N604XT,4.17
FLIGHT_2323,N523AR,4.51
FLIGHT_2324,N604XT,4.08
FLIGHT_2325,N372MZ,4.57
FLIGHT_2326,N452M,2.64
FLIGHT_2327,N610TX,4.45
FLIGHT_2328,N531P,4.05
FLIGHT_2329,N604CH,3.64
FLIGHT_2330,N610TX,3.75
FLIGHT_2331,N99CT,3.78
FLIGHT_2332,N301VR,2.88
FLIGHT_2333,N452M,3.33
FLIGHT_2334,N99CT,3.66
FLIGHT_2335,N301VR,2.42
FLIGHT_2336,N99CT,3.36
FLIGHT_2337,N71HC,2.93
FLIGHT_2338,N716TM,3.56
FLIGHT_2339,N716TM,3.09
FLIGHT_2340,N610TX,4.26
FLIGHT_2341,N372MZ,3.86
FLIGHT_2342,N372MZ,3.32
FLIGHT_2343,N301VR,3.29
FLIGHT_2344,N372MZ,3.03
FLIGHT_2345,N372MZ,3.4
FLIGHT_2346,N604XT,4.17
FLIGHT_2347,N716TM,4.37
FLIGHT_2348,N523AR,4.61
FLIGHT_2349,N452M,2.57
FLIGHT_2350,N372MZ,4.02
FLIGHT_2351,N372MZ,2.62
FLIGHT_2352,N579MH,4.04
FLIGHT_2353,N523AR,4.16
FLIGHT_2354,N604CH,4.47
FLIGHT_2355,N301VR,3.01
FLIGHT_2356,N372MZ,4.27
FLIGHT_2357,N610TX,2.99
FLIGHT_2358,N604CH,3.82
FLIGHT_2359,N716TM,2.79
FLIGHT_2360,N716TM,4.99
FLIGHT_2361,N604XT,5.62
FLIGHT_2362,N452M,3.3
FLIGHT_2363,N579MH,3.84
FLIGHT_2364,N495DD,4.66
FLIGHT_2365,N99CT,2.51
FLIGHT_2366,N372MZ,3.27
FLIGHT_2367,N372MZ,3.22
FLIGHT_2368,N610TX,5.34
FLIGHT_2369,N716TM,5.11
FLIGHT_2370,N604CH,3.62
FLIGHT_2371,N523AR,4.9
FLIGHT_2372,N579MH,3.9
FLIGHT_2373,N604CH,4.15
FLIGHT_2374,N716TM,3.53
FLIGHT_2375,N71HC,4.15
FLIGHT_2376,N604CH,3.25
FLIGHT_2377,N579MH,3.29
FLIGHT_2378,N301VR,3.71
FLIGHT_2379,N523AR,4.58
FLIGHT_2380,N579MH,3.78
FLIGHT_2381,N610TX,4.31
FLIGHT_2382,N99CT,2.72
FLIGHT_2383,N604CH,4.97
FLIGHT_2384,N99CT,3.1
FLIGHT_2385,N716TM,4.26
FLIGHT_2386,N716TM,5.72
FLIGHT_2387,N452M,3.29
FLIGHT_2388,N99CT,3.95
FLIGHT_2389,N604CH,3.62
FLIGHT_2390,N523AR,3.69
FLIGHT_2391,N610TX,3.5
FLIGHT_2392,N452M,4.13
FLIGHT_2393,N372MZ,4.42
FLIGHT_2394,N452M,3.91
FLIGHT_2395,N604XT,3.12
FLIGHT_2396,N452M,4.17
FLIGHT_2397,N716TM,4.22
FLIGHT_2398,N301VR,2.76
FLIGHT_2399,N604XT,4.58
FLIGHT_2400,N523AR,5.18
FLIGHT_2401,N523AR,4.33
FLIGHT_2402,N495DD,5.02
FLIGHT_2403,N71HC,3.64
FLIGHT_2404,N604XT,4.68
FLIGHT_2405,N301VR,3.21
FLIGHT_2406,N610TX,4.29
FLIGHT_2407,N610TX,4.36
FLIGHT_2408,N610TX,4.27
FLIGHT_2409,N71HC,3.2
FLIGHT_2410,N495DD,5.06
FLIGHT_2411,N610TX,4.01
FLIGHT_2412,N452M,3.12
FLIGHT_2413,N604CH,3.5
FLIGHT_2414,N71HC,3.08
FLIGHT_2415,N579MH,2.45
FLIGHT_2416,N604CH,4.42
FLIGHT_2417,N716TM,6.65
FLIGHT_2418,N604XT,5.23
FLIGHT_2419,N452M,3.86
FLIGHT_2420,N372MZ,3.42
FLIGHT_2421,N523AR,3.63
FLIGHT_2422,N579MH,3.86
FLIGHT_2423,N610TX,4.4
FLIGHT_2424,N579MH,3.32
FLIGHT_2425,N604CH,5.44
FLIGHT_2426,N372MZ,2.85
FLIGHT_2427,N372MZ,3.91
FLIGHT_2428,N372MZ,3.8
FLIGHT_2429,N523AR,4.33
FLIGHT_2430,N523AR,3.89
FLIGHT_2431,N523AR,4.39
FLIGHT_2432,N301VR,3.13
FLIGHT_2433,N716TM,5.29
FLIGHT_2434,N99CT,4.29
FLIGHT_2435,N452M,3.5
FLIGHT_2436,N716TM,3.08
FLIGHT_2437,N99CT,3.56
FLIGHT_2438,N99CT,3.54
FLIGHT_2439,N372MZ,3.82
FLIGHT_2440,N301VR,3.68
FLIGHT_2441,N523AR,5.36
FLIGHT_2442,N99CT,3.85
FLIGHT_2443,N452M,4.11
FLIGHT_2444,N610TX,4.26
FLIGHT_2445,N610TX,3.93
FLIGHT_2446,N523AR,3.61
FLIGHT_2447,N604XT,5.41
FLIGHT_2448,N579MH,3.82
FLIGHT_2449,N71HC,2.85
FLIGHT_2450,N523AR,3.48
FLIGHT_2451,N301VR,2.87
FLIGHT_2452,N604CH,2.95
FLIGHT_2453,N716TM,4.83
FLIGHT_2454,N523AR,4.19
FLIGHT_2455,N523AR,4.9
FLIGHT_2456,N579MH,4.53
FLIGHT_2457,N604CH,4.36
FLIGHT_2458,N372MZ,4.17
FLIGHT_2459,N604XT,4.54
FLIGHT_2460,N495DD,4.18
FLIGHT_2461,N301VR,3.32
FLIGHT_2462,N71HC,3.71
FLIGHT_2463,N610TX,3.13
FLIGHT_2464,N610TX,3.72
FLIGHT_2465,N372MZ,3.27
FLIGHT_2466,N716TM,5.2
FLIGHT_2467,N301VR,3.79
